GEOID,transportType,cases29.Mar,E,pop,SIR,RR,LL,UL
17031,airport,3445,1550.284052,4848190.15,2.222173411,2.22129904,2.147652084,2.296094042
26163,airport,2704,499.2301794,1561238.3,5.416339219,5.40751174,5.205352687,5.613207322
42101,nextAirport,865,474.3586114,1483457.657,1.823514909,1.816088589,1.697046957,1.938815719
39049,airport,247,392.6894894,1228054.506,0.628995699,0.622561023,0.547642068,0.701820741
26125,nextAirport,1170,375.9388616,1175670.409,3.112208179,3.093028706,2.91793548,3.272753107
42003,airport,265,363.1894406,1135799.253,0.729646764,0.726484011,0.6420901,0.815562413
39035,airport,440,361.0656742,1129157.617,1.218614871,1.211442348,1.101051314,1.326599557
18097,airport,676,292.5064921,914753.0688,2.311059816,2.294985292,2.125085262,2.470768315
26099,nextAirport,620,276.2688377,863973.1901,2.244190858,2.229998952,2.057643367,2.408554159
42091,nextAirport,488,266.4589104,833294.6876,1.831426839,1.814773279,1.657262908,1.978711283
21111,airport,126,246.3012495,770255.8058,0.511568659,0.514343599,0.430608693,0.604904896
39061,nextAirport,85,235.8718751,737640.1118,0.360365135,0.35902841,0.289276524,0.435854087
42017,nextAirport,203,203.5191319,636463.6529,0.997449223,1.006755617,0.875617016,1.146285375
26081,airport,72,196.4563116,614376.1548,0.366493697,0.365043281,0.288513512,0.450031042
10003,nextAirport,141,179.9155546,562648.3859,0.783701,0.787764617,0.664300596,0.920688632
42029,nextAirport,137,178.7673383,559057.5791,0.766359231,0.768061005,0.647056635,0.898524254
42071,nextAirport,67,178.1141167,557014.7646,0.376163334,0.382125884,0.300182736,0.473406587
42045,airport,276,176.0276954,550489.917,1.567935087,1.571102148,1.392593699,1.759262023
51107,airport,61,175.5608845,549030.0631,0.347457808,0.350707192,0.270101781,0.44102364
39153,airport,99,168.5039994,526961.1263,0.587523147,0.596804585,0.488724255,0.71492245
34007,mainRoad,163,162.682842,508756.6701,1.001949548,1.003674372,0.856927868,1.160934287
39113,airport,25,159.0057729,497257.4032,0.157226996,0.197236188,0.139621544,0.264895082
18089,nextAirport,85,156.8759575,490596.8497,0.541829362,0.539080962,0.432811285,0.656099489
42133,nextAirport,43,153.7519066,480827.0319,0.279671329,0.294326198,0.219531552,0.379779911
34005,nextAirport,142,147.3122084,460688.2183,0.963939116,0.973328312,0.822602727,1.135575307
42011,nextAirport,68,140.7417929,440140.6139,0.483154283,0.496825702,0.391512995,0.613953979
39095,airport,94,132.850515,415462.2872,0.70756218,0.701486488,0.569857615,0.845809032
18057,nextAirport,83,130.0544895,406718.3005,0.638194039,0.635431074,0.509998803,0.773731609
26049,airport,127,128.7062107,402501.8399,0.986743369,0.983177561,0.822603987,1.156864251
39017,nextAirport,27,126.9510708,397013.0056,0.212680364,0.241718354,0.170720696,0.325223624
36071,airport,1247,126.1591315,394536.3807,9.884341979,9.845837704,9.305681418,10.39977692
42077,airport,151,120.9715103,378313.1767,1.248227782,1.251790853,1.063481927,1.454144642
34021,airport,202,119.1074962,372483.8614,1.695946993,1.702036165,1.477319044,1.941227694
18003,airport,26,117.8365116,368509.122,0.220644685,0.245834129,0.172353377,0.332654478
39151,nextAirport,29,116.7637212,365154.1939,0.248364815,0.272644175,0.194239375,0.364525698
26161,nextAirport,231,114.8448174,359153.2221,2.011409877,1.971907486,1.726124809,2.232558247
42129,airport,47,112.9566105,353248.2488,0.416088973,0.419131728,0.314717545,0.538071851
21067,airport,66,104.0223059,325308.074,0.634479301,0.623298763,0.486281775,0.77638192
42095,nextAirport,126,103.6629094,324184.1361,1.215478137,1.20916381,1.010563626,1.424080349
34015,nextAirport,72,100.2257148,313435.0267,0.718378514,0.742779632,0.587274268,0.915167159
42079,airport,94,99.64029848,311604.2593,0.9433934,0.941681248,0.766017177,1.13424915
39093,nextAirport,74,99.30853284,310566.7314,0.745152485,0.708103953,0.557550767,0.875504826
26139,nextAirport,25,90.80445869,283972.0125,0.275316877,0.26965073,0.180125378,0.377147405
42043,airport,35,89.90847501,281170.0104,0.38928477,0.407826083,0.296153199,0.53731505
39165,nextAirport,20,87.72609251,274345.0641,0.227982342,0.234579782,0.155020686,0.331519814
42049,mainRoad,7,86.41803638,270254.3913,0.081001609,0.119266824,0.067527811,0.18753607
39041,nextAirport,31,85.44102315,267198.9861,0.362823371,0.343527933,0.240251332,0.465456028
26065,nextAirport,43,85.34017053,266883.5906,0.503865879,0.495230215,0.36498513,0.644705729
24025,mainRoad,23,85.06232519,266014.6872,0.270389975,0.285073906,0.188473811,0.401279857
18141,airport,32,82.73746061,258744.1579,0.386765557,0.396642674,0.281921541,0.530890194
26077,airport,19,81.62683465,255270.9068,0.232766591,0.268099587,0.17887031,0.376205441
42041,nextAirport,22,79.30510702,248010.1877,0.277409625,0.27979497,0.186090803,0.393224804
39085,nextAirport,35,72.07709638,225406.0914,0.485591148,0.489016036,0.34820158,0.652927421
39099,mainRoad,84,68.77162329,215068.9135,1.221434016,1.114284008,0.887027252,1.36578975
39025,mainRoad,8,67.9693018,212559.8203,0.117700194,0.175255135,0.105542577,0.265103712
42069,nextAirport,56,66.6718494,208502.3084,0.839934703,0.821015629,0.626687833,1.040340592
18039,nextAirport,12,65.6480581,205300.6146,0.182792916,0.198954464,0.121904766,0.297234724
42125,nextAirport,24,65.54897686,204990.7587,0.366138438,0.371843456,0.255013097,0.511862432
26093,nextAirport,59,64.9905981,203244.5455,0.907823619,0.896411843,0.691159953,1.127225669
42089,nextAirport,135,64.65308628,202189.0477,2.088067373,2.005769877,1.68338868,2.354134838
18063,nextAirport,48,63.89167652,199807.8974,0.751271568,0.742434898,0.556165075,0.954567961
18157,mainRoad,11,62.13282426,194307.4537,0.177040077,0.222056959,0.136792177,0.33021761
36007,mainRoad,29,62.10895514,194232.808,0.466921395,0.473995847,0.328801465,0.645434594
39155,mainRoad,36,61.48059678,192267.7482,0.585550595,0.551125528,0.394441317,0.733968259
47165,mainRoad,93,61.22175492,191458.2742,1.519067856,1.465850658,1.181552915,1.777948294
39103,nextAirport,45,60.66206546,189707.9621,0.741814504,0.696771354,0.513631617,0.906952433
42019,nextAirport,47,59.85395681,187180.7708,0.785244661,0.699972941,0.51726997,0.909785584
26145,airport,24,59.19060049,185106.2622,0.405469784,0.432528549,0.295767145,0.5959186
39089,nextAirport,15,59.07877353,184756.5467,0.253898297,0.262607889,0.166030699,0.383571091
18163,airport,17,58.38327977,182581.535,0.291179257,0.340577709,0.219602355,0.488813626
54039,airport,19,58.11812116,181752.3068,0.32692041,0.352171378,0.232660313,0.497917345
18127,nextAirport,14,57.20834795,178907.1807,0.24471953,0.274798556,0.169890612,0.406509383
24013,mainRoad,82,56.82768205,177716.7275,1.442958731,1.3640245,1.081636339,1.67637755
39057,nextAirport,3,55.01327012,172042.5325,0.054532297,0.130343686,0.071502659,0.210927633
42027,mainRoad,22,54.27999987,169749.3826,0.405305823,0.339658328,0.219113701,0.488130711
26121,nextAirport,13,53.87458741,168481.5397,0.241301152,0.245246337,0.146298948,0.371946931
39045,nextAirport,14,53.7811424,168189.3099,0.260314292,0.268051624,0.164322026,0.399370927
42055,mainRoad,11,53.53004012,167404.0399,0.205492093,0.212188106,0.126949857,0.322610531
39133,nextAirport,27,52.93555225,165544.903,0.510054186,0.516913266,0.358106526,0.70553111
21117,nextAirport,16,52.22460344,163321.5588,0.306369009,0.311459325,0.195546353,0.456253589
24043,nextAirport,6,51.6138821,161411.6552,0.116247795,0.169424997,0.096668408,0.266609937
18081,nextAirport,71,51.30130353,160434.1309,1.383980428,1.331380809,1.044903293,1.650463405
21015,airport,3,50.84485579,159006.6857,0.059003019,0.226815646,0.135304102,0.345356438
26075,mainRoad,24,50.11840276,156734.8553,0.478866019,0.487967599,0.33300001,0.673751696
26147,mainRoad,20,49.9660459,156258.391,0.400271817,0.435685109,0.284281661,0.619590924
42007,nextAirport,28,49.19262288,153839.6718,0.569191036,0.536328743,0.369183179,0.735455447
26115,nextAirport,38,49.03694627,153352.8256,0.774925906,0.805624142,0.58653457,1.058428642
18105,lowRisk,22,49.0339642,153343.4998,0.448668599,0.496959413,0.337010254,0.688874185
34037,nextAirport,93,47.87923598,149732.3281,1.942386884,1.952986475,1.58548971,2.355818342
26021,nextAirport,29,46.88284843,146616.3337,0.618563099,0.537915532,0.363557262,0.746562383
42075,nextAirport,19,46.0690134,144071.2344,0.412424721,0.420290105,0.271295312,0.603207002
42107,nextAirport,21,45.549306,142445.9578,0.461038858,0.464597367,0.311417123,0.650582075
54003,mainRoad,10,43.99069122,137571.7151,0.22732082,0.231349286,0.130341929,0.364866955
21227,mainRoad,15,43.45824177,135906.5904,0.345158925,0.361939198,0.226228308,0.531970239
42021,nextAirport,1,42.40807306,132622.4067,0.023580416,0.119933569,0.061905098,0.202891774
34019,nextAirport,66,41.83355674,130825.7267,1.577680818,1.562612888,1.216224355,1.949511241
26025,nextAirport,15,41.832333,130821.8997,0.358574311,0.336056571,0.208853998,0.497034331
39023,nextAirport,7,40.95942948,128092.076,0.170900818,0.211548466,0.118250877,0.33682597
18095,mainRoad,18,40.77114955,127503.2697,0.441488656,0.440741294,0.284354486,0.633820378
36013,mainRoad,5,40.29496614,126014.1054,0.124084978,0.152730342,0.075088005,0.263235975
39173,nextAirport,12,39.75415107,124322.819,0.30185527,0.287576282,0.171873888,0.437398804
18019,nextAirport,20,39.09662674,122266.5488,0.511553084,0.491832137,0.32196603,0.70010598
42051,nextAirport,10,39.08157941,122219.4914,0.255875022,0.290624966,0.174329158,0.441251271
42013,mainRoad,3,39.02324993,122037.0781,0.076877246,0.140181349,0.071566778,0.237950519
21093,nextAirport,3,37.43336668,117065.0497,0.080142404,0.20437199,0.116521129,0.322930751
39139,mainRoad,5,37.16858152,116236.9894,0.134522217,0.180393126,0.09534735,0.298515646
39169,nextAirport,4,36.67385053,114689.8213,0.10906954,0.21047003,0.115188352,0.340257228
18035,mainRoad,14,36.44223338,113965.487,0.384169649,0.359964724,0.218597026,0.540485768
26005,nextAirport,2,36.23130439,113305.8505,0.055200883,0.144784527,0.07408349,0.245868668
26045,nextAirport,8,35.60362614,111342.9177,0.224696214,0.268328922,0.154993919,0.418280128
34041,mainRoad,56,35.46890729,110921.6126,1.578847624,1.552390823,1.186298738,1.965457514
54061,mainRoad,30,35.16157331,109960.4896,0.853204142,0.709346563,0.482397753,0.981057816
42081,mainRoad,3,35.01636584,109506.3835,0.085674225,0.186075628,0.103403569,0.299617477
42001,lowRisk,8,34.96095782,109333.1065,0.228826683,0.31503984,0.181412286,0.489992347
18091,nextAirport,6,34.8732455,109058.8045,0.172051666,0.236890171,0.131168733,0.379706567
42085,mainRoad,7,34.692129,108492.4004,0.201774875,0.275851293,0.159469212,0.429789647
18167,mainRoad,7,33.9897434,106295.8359,0.205944479,0.252110745,0.139090628,0.404543845
39109,nextAirport,43,33.11899945,103572.7657,1.298348402,1.038673149,0.74232872,1.38415
51069,mainRoad,8,32.71583417,102311.9504,0.24452991,0.244496131,0.134708925,0.393271955
26017,nextAirport,5,32.46769797,101535.9561,0.153999215,0.22046029,0.118247843,0.361187443
39003,mainRoad,4,32.41811836,101380.9063,0.123387791,0.171727333,0.087471811,0.291623528
39029,lowRisk,11,31.86145056,99640.04377,0.345244796,0.414181579,0.254953327,0.6170865
21059,lowRisk,16,31.73328435,99239.23066,0.504202459,0.49679735,0.31035985,0.730496669
26091,nextAirport,15,30.93748137,96750.52276,0.484848777,0.518173668,0.328066544,0.755666938
39007,mainRoad,6,30.73259833,96109.79376,0.195232435,0.255784681,0.140530666,0.412374135
36101,nextAirport,21,30.62180993,95763.32614,0.685785721,0.589068544,0.373517407,0.855699441
54011,nextAirport,1,30.17026393,94351.21018,0.033145219,0.146759245,0.073428254,0.253626838
21151,nextAirport,3,30.04450975,93957.94019,0.099851854,0.208318111,0.111759699,0.342829216
26055,airport,6,29.9799748,93756.12058,0.200133591,0.305738506,0.172217972,0.483851999
39055,nextAirport,17,29.75316657,93046.82513,0.571367756,0.55251872,0.3512451,0.803345255
42097,nextAirport,1,29.59920383,92565.33878,0.033784693,0.177257985,0.096188069,0.291164702
21037,mainRoad,3,29.28357133,91578.26392,0.102446521,0.195352844,0.098233277,0.333868045
39157,mainRoad,5,28.79691314,90056.34191,0.173629721,0.229176936,0.122578165,0.377035194
55089,mainRoad,34,28.26896377,88405.29034,1.202732448,1.082983426,0.748831274,1.476347697
26037,airport,14,28.20677707,88210.81439,0.496334621,0.5012021,0.308671009,0.745144985
51165,mainRoad,4,27.74430853,86764.54046,0.144173714,0.202734998,0.098550299,0.352571952
21029,nextAirport,3,27.64683113,86459.70021,0.108511532,0.20590973,0.103576816,0.351856845
42073,mainRoad,8,27.62165418,86380.96454,0.289627839,0.352357691,0.201820878,0.551571275
26087,nextAirport,4,27.3933797,85667.08369,0.146020683,0.338138477,0.194174748,0.529352803
42063,nextAirport,2,27.25949549,85248.38876,0.073368929,0.158007567,0.077558668,0.276231866
18059,nextAirport,22,27.25705091,85240.74383,0.807130605,0.782748487,0.520223103,1.101575378
42039,mainRoad,3,27.2180363,85118.73378,0.11022103,0.194775847,0.101789881,0.326830915
39119,mainRoad,2,27.21754745,85117.205,0.073482007,0.17400637,0.087678368,0.298979018
36015,airport,15,27.04265685,84570.2711,0.554679227,0.566304098,0.347026128,0.842577874
54107,mainRoad,2,26.95975669,84311.01814,0.074184646,0.180489393,0.09279138,0.30639287
26111,nextAirport,8,26.25742905,82114.63488,0.304675678,0.28911613,0.159803585,0.465025334
18005,mainRoad,10,26.03495129,81418.88207,0.384099048,0.522796905,0.320916063,0.779438985
51015,mainRoad,0,26.00869325,81336.76553,0,0.277562964,0.08971656,0.646862707
39141,lowRisk,0,25.68999727,80340.1103,0,0.309482657,0.128385128,0.628142318
36105,nextAirport,88,25.22597246,78888.96944,3.488468092,3.314582312,2.658428279,4.037542611
42033,mainRoad,2,25.13090111,78591.65362,0.079583298,0.159840605,0.082044555,0.273125904
18067,lowRisk,12,25.07998892,78432.43636,0.478469111,0.457699185,0.271050337,0.69970227
18085,lowRisk,3,24.95915815,78054.56331,0.120196362,0.207568535,0.107026849,0.351113977
17183,mainRoad,0,24.80235697,77564.20034,0,0.33313354,0.121583351,0.731203713
55071,mainRoad,0,24.55295258,76784.24008,0,0.397826382,0.089531778,1.134515133
39145,lowRisk,0,24.47607124,76543.80975,0,0.350250089,0.136218948,0.741169336
21185,nextAirport,3,24.47482863,76539.92374,0.122574913,0.247165637,0.128291394,0.414529824
54081,nextAirport,4,24.46754418,76517.14312,0.163481875,0.205157103,0.103106087,0.352417086
26073,lowRisk,4,24.31728053,76047.22489,0.164492078,0.24340338,0.130366006,0.401474601
18043,nextAirport,14,24.30895858,76021.19972,0.575919365,0.550202353,0.330184762,0.831435141
39063,mainRoad,3,24.14462847,75507.29156,0.124251239,0.185089471,0.094915565,0.315372154
36009,mainRoad,4,23.78364134,74378.3796,0.168182825,0.198111012,0.095288177,0.348786771
24001,mainRoad,0,23.50684896,73512.76913,0,0.223506519,0.093996983,0.445928657
26159,nextAirport,4,23.36687393,73075.0264,0.171182504,0.216415077,0.109410724,0.370332162
21047,mainRoad,3,23.33856246,72986.48818,0.128542621,0.245043525,0.125061335,0.41566336
42111,nextAirport,2,23.08000777,72177.91229,0.086655083,0.182890334,0.091805455,0.31596801
42025,nextAirport,9,22.46715417,70261.34043,0.40058478,0.538578799,0.321615248,0.818451656
42037,nextAirport,6,22.32914321,69829.73994,0.268707131,0.32270917,0.176649613,0.522768081
18109,nextAirport,20,22.32208552,69807.66848,0.89597363,0.85188489,0.5577215,1.212914641
39043,mainRoad,5,22.2310942,69523.11211,0.224910207,0.268248461,0.131523583,0.463576616
42103,nextAirport,33,22.15236812,69276.9127,1.48968272,1.553501327,1.111364641,2.06903515
26155,nextAirport,5,21.94346146,68623.60066,0.227858308,0.332721621,0.18380093,0.536116535
39013,mainRoad,8,21.92994704,68581.33713,0.364797963,0.337915898,0.186669702,0.544175803
21199,lowRisk,3,21.89670089,68477.36673,0.137006941,0.265407851,0.138806367,0.443984434
54033,mainRoad,7,21.71854895,67920.2337,0.322305142,0.318859487,0.172947617,0.519842547
39159,nextAirport,3,21.44898946,67077.24259,0.139866729,0.22118876,0.115697281,0.372142133
26103,lowRisk,2,21.44746107,67072.46288,0.093251131,0.250108693,0.128730814,0.423146932
18011,nextAirport,13,21.29423908,66593.29303,0.610493756,0.621937279,0.377046251,0.93469095
39083,lowRisk,3,21.19266424,66275.6389,0.141558417,0.258733308,0.137480436,0.429673373
18173,nextAirport,8,21.05275565,65838.10397,0.37999776,0.360882538,0.200805496,0.578444502
54037,nextAirport,5,21.02374054,65747.36527,0.237826375,0.250217038,0.12381543,0.432507359
39009,lowRisk,3,20.82304281,65119.72494,0.144071163,0.241990999,0.124861049,0.409699674
18053,mainRoad,7,20.80305192,65057.20761,0.336489089,0.307498295,0.170915242,0.495381068
21209,nextAirport,3,20.78023989,64985.86774,0.14436792,0.280821799,0.150913042,0.462547919
18177,mainRoad,1,20.77685054,64975.26824,0.04813049,0.20859706,0.104214306,0.361056121
39101,lowRisk,6,20.66605261,64628.77084,0.290331207,0.30722073,0.163634253,0.507264087
26067,nextAirport,2,20.53332023,64213.67798,0.09740266,0.199429404,0.100595841,0.343960563
26117,nextAirport,3,20.50036964,64110.63189,0.146338825,0.207833859,0.107309036,0.353345401
21145,mainRoad,3,20.403732,63808.41782,0.147031925,0.240316798,0.115966614,0.422266198
21125,mainRoad,3,20.34246497,63616.81794,0.147474753,0.223395073,0.110748191,0.387809692
39081,lowRisk,5,20.29636881,63472.6618,0.246349485,0.353522452,0.194610455,0.571012504
42005,nextAirport,3,19.92038023,62296.83593,0.150599535,0.241089582,0.123652153,0.410059172
42015,nextAirport,3,19.45515812,60841.95077,0.154200751,0.270903728,0.142597947,0.452738533
21195,lowRisk,0,19.21558593,60092.73869,0,0.395907159,0.158764551,0.820663183
21113,nextAirport,3,19.17495346,59965.66912,0.156454095,0.246943828,0.122731115,0.427437519
54055,mainRoad,2,19.15351631,59898.62889,0.104419469,0.174534243,0.082226989,0.314604959
39087,nextAirport,1,18.86561105,58998.26524,0.053006499,0.184054943,0.089841258,0.324808978
26149,nextAirport,0,18.73873373,58601.48287,0,0.248041812,0.103752449,0.496686724
26015,nextAirport,1,18.72198093,58549.09198,0.053413151,0.182167017,0.089754049,0.320135466
39077,lowRisk,3,18.69618147,58468.40952,0.160460573,0.270077985,0.141731424,0.452686859
39143,mainRoad,3,18.61827475,58224.77251,0.161132008,0.210469519,0.101533535,0.372426322
39167,mainRoad,3,18.52281554,57926.24373,0.161962418,0.220105488,0.110081143,0.381478612
54079,nextAirport,3,18.45855093,57725.26956,0.162526301,0.221248188,0.107278198,0.389998643
39129,nextAirport,4,18.4366338,57656.72832,0.216959345,0.252788061,0.128701549,0.432086595
42127,mainRoad,7,18.30421024,57242.60124,0.382425677,0.580955335,0.345002655,0.888817884
39147,lowRisk,1,17.67079489,55261.7268,0.05659055,0.211511633,0.104285146,0.370442756
54049,mainRoad,5,17.5301237,54821.80698,0.285223315,0.334919459,0.168183768,0.572268914
26027,nextAirport,2,17.52205419,54796.57127,0.114141868,0.215035135,0.106937314,0.374789063
18029,nextAirport,10,17.29678104,54092.07646,0.578142255,0.574521035,0.333360554,0.89228767
39005,mainRoad,2,16.72184171,52294.07358,0.11960405,0.234428974,0.11953506,0.402395812
26157,nextAirport,4,16.47432141,51520.00544,0.24280211,0.315999949,0.164084127,0.532362323
39037,nextAirport,3,16.45458877,51458.29571,0.182319962,0.258923087,0.134685509,0.438376396
21211,nextAirport,3,16.4260869,51369.16206,0.182636316,0.268074729,0.135001183,0.461756214
42121,mainRoad,1,16.35442078,51145.04123,0.061145547,0.19930217,0.096534792,0.354054226
21073,mainRoad,3,15.73537922,49209.11781,0.190653174,0.267145875,0.132849627,0.464022474
39149,mainRoad,3,15.65645388,48962.29527,0.191614271,0.243742198,0.120715109,0.425496779
36107,nextAirport,4,15.61070984,48819.2403,0.256234344,0.33869459,0.167810994,0.584953767
51171,mainRoad,4,15.57344763,48702.71052,0.25684743,0.262165873,0.116442033,0.483099246
21179,lowRisk,3,15.55598911,48648.11264,0.192851768,0.319859558,0.166575139,0.538672437
18065,mainRoad,2,15.51748765,48527.70734,0.128886843,0.308827962,0.161579556,0.519319141
42009,mainRoad,0,15.42504895,48238.62457,0,0.190549987,0.075173324,0.405341563
26123,nextAirport,1,15.35219919,48010.80217,0.065137248,0.184366469,0.09069749,0.325815284
21019,nextAirport,4,15.33098894,47944.47151,0.260909457,0.290016457,0.139258406,0.51214566
18099,nextAirport,3,15.0806759,47161.66967,0.198930076,0.231207599,0.113087277,0.407672285
42119,mainRoad,0,15.00984175,46940.15065,0,0.225014786,0.088845016,0.473495782
36025,mainRoad,8,15.00159478,46914.35996,0.533276636,0.660252114,0.364824401,1.053370057
36003,mainRoad,6,14.97403979,46828.18747,0.400693472,0.343349841,0.168238142,0.596850187
18113,nextAirport,2,14.94511245,46737.72326,0.133823014,0.191846099,0.093925382,0.339815754
21101,nextAirport,3,14.88793449,46558.9111,0.201505454,0.306631467,0.158099347,0.52068362
26059,lowRisk,10,14.75249427,46135.35004,0.677851475,0.576011907,0.327398718,0.909247379
42099,nextAirport,1,14.67650854,45897.72051,0.068136096,0.202481154,0.094962792,0.36727356
39015,lowRisk,0,14.65280359,45823.58822,0,0.393457323,0.155487644,0.815254568
21107,mainRoad,11,14.6222852,45728.14832,0.752276395,0.580097597,0.318343503,0.93368444
42087,lowRisk,2,14.57836789,45590.8061,0.137189568,0.250402797,0.118784468,0.448312261
39097,nextAirport,4,14.52562752,45425.8716,0.275375366,0.26074307,0.132801492,0.448269313
21009,mainRoad,3,14.46889648,45248.45708,0.207341313,0.307041366,0.151569616,0.53483735
39071,lowRisk,1,14.43860902,45153.73937,0.069258749,0.235838869,0.112720263,0.421316034
18093,lowRisk,8,14.33823909,44839.85334,0.55794857,0.560877214,0.312265095,0.897132374
39011,mainRoad,2,14.29104463,44692.26252,0.139947782,0.201245866,0.095381091,0.363099161
39091,lowRisk,3,14.26357668,44606.36221,0.210325928,0.281336469,0.136013916,0.497019124
42061,mainRoad,1,14.23604898,44520.27508,0.070244209,0.175691944,0.084489749,0.31564788
39075,lowRisk,0,14.2110673,44442.15009,0,0.36310986,0.146644257,0.742343951
51185,lowRisk,1,14.12313176,44167.15,0.070805825,0.216432428,0.091450691,0.414324789
26107,lowRisk,1,14.07457434,44015.29682,0.071050106,0.222958098,0.106975994,0.398578562
26023,nextAirport,0,14.03864319,43902.92961,0,0.274803288,0.109268855,0.571323239
18145,nextAirport,12,13.9062011,43488.7446,0.862924383,0.923832184,0.562650669,1.385899688
18061,nextAirport,14,13.88339613,43417.42682,1.0083988,0.732938211,0.425815406,1.136599139
54019,nextAirport,0,13.79755798,43148.98589,0,0.257758064,0.093302556,0.571999268
42065,mainRoad,0,13.78597285,43112.75583,0,0.211805609,0.082639813,0.454191414
42115,mainRoad,1,13.72761371,42930.24977,0.072845873,0.30980726,0.155802826,0.534536938
18037,mainRoad,2,13.62216949,42600.49498,0.146819492,0.266508062,0.132912919,0.464419063
54099,airport,0,13.59793984,42524.72178,0,0.449879855,0.180766449,0.923836782
18033,nextAirport,1,13.56861448,42433.01285,0.073699492,0.202072345,0.095257448,0.366213789
39027,mainRoad,3,13.44850394,42057.39217,0.22307314,0.224692739,0.107718523,0.40230016
39051,nextAirport,2,13.40933442,41934.89764,0.149149834,0.295245379,0.143436582,0.520565165
18071,mainRoad,7,13.38911158,41871.65494,0.522812881,0.524604216,0.290762856,0.844564838
39135,nextAirport,0,13.22738401,41365.88569,0,0.308614917,0.115642901,0.663226635
26057,nextAirport,3,13.1858221,41235.90947,0.2275171,0.263329763,0.132960779,0.455944687
42117,nextAirport,1,13.13975346,41091.83942,0.076104929,0.249930889,0.118319963,0.449442854
42109,lowRisk,2,12.88265558,40287.81938,0.155247494,0.25362555,0.113799188,0.469350473
54069,mainRoad,7,12.86399038,40229.44786,0.544154636,0.43747236,0.224211447,0.740325818
42083,lowRisk,1,12.79930091,40027.14503,0.078129267,0.249478674,0.118735608,0.44775295
39021,lowRisk,2,12.76251579,39912.10724,0.156708915,0.300940515,0.149522574,0.524479473
26151,lowRisk,2,12.76132417,39908.3807,0.156723548,0.347864947,0.165338806,0.617729877
39033,lowRisk,2,12.72428163,39792.53789,0.157179797,0.258146889,0.124451151,0.459659049
39107,lowRisk,2,12.62205331,39472.84012,0.158452825,0.270213911,0.13099807,0.479136465
51195,lowRisk,0,12.61223433,39442.13333,0,0.394346241,0.128875473,0.90757183
21035,lowRisk,3,12.53364444,39196.35982,0.239355761,0.353368896,0.158965659,0.645694169
42035,mainRoad,0,12.50591026,39109.62694,0,0.242131247,0.096163909,0.511828181
42123,lowRisk,1,12.45853925,38961.484,0.080266232,0.227636853,0.112024318,0.402237289
18133,mainRoad,5,12.45078584,38937.23681,0.401581078,0.457799206,0.241077625,0.763244927
39123,nextAirport,1,12.42578746,38859.0596,0.080477797,0.231914331,0.09786004,0.444811599
55075,lowRisk,1,12.4193445,38838.91059,0.080519548,0.264554785,0.115517544,0.496344007
18087,mainRoad,2,12.38382338,38727.8257,0.161501011,0.207925236,0.097019322,0.379571669
39059,mainRoad,0,12.25213865,38316.00914,0,0.267292306,0.104706036,0.567200456
39039,nextAirport,5,12.01059812,37560.64151,0.416299001,0.308765209,0.150428933,0.544582598
42031,mainRoad,1,11.99533962,37512.92373,0.08336571,0.214497108,0.096754173,0.399218095
18107,mainRoad,5,11.97340615,37444.33137,0.417592115,0.419097875,0.220348421,0.701876345
54077,mainRoad,1,11.93607469,37327.58503,0.083779637,0.251881668,0.121901747,0.448698697
26033,mainRoad,0,11.89506943,37199.34962,0,0.55576708,0.097571118,1.641577203
39117,mainRoad,0,11.8864457,37172.38068,0,0.234986187,0.088976382,0.516237819
39127,lowRisk,0,11.86339504,37100.29456,0,0.333624749,0.130546461,0.700206666
21049,nextAirport,3,11.77173317,36813.64117,0.254847774,0.332925732,0.164278476,0.58203689
18083,lowRisk,2,11.72155856,36656.73053,0.170625774,0.332146886,0.164319151,0.580894767
21089,lowRisk,0,11.71328438,36630.85477,0,0.392168835,0.138143147,0.867558263
39031,lowRisk,4,11.66999562,36495.4782,0.34275934,0.34771058,0.17306024,0.60437139
21083,lowRisk,0,11.60709848,36298.78052,0,0.407252219,0.132838089,0.937623591
18017,lowRisk,0,11.58148578,36218.68212,0,0.350516719,0.134901809,0.741175465
18183,nextAirport,1,11.57110565,36186.22045,0.086422165,0.186169481,0.08287382,0.350681726
18103,lowRisk,1,11.55969731,36150.54322,0.086507455,0.267561921,0.12463223,0.486316132
18073,mainRoad,6,11.46516018,35854.89808,0.523324568,0.383372819,0.19958224,0.648153148
26061,lowRisk,0,11.45973702,35837.93827,0,0.527100296,0.159581733,1.257468731
42059,mainRoad,6,11.43755865,35768.58003,0.524587474,0.444112162,0.225835687,0.757526892
18069,nextAirport,1,11.39598084,35638.55411,0.087750235,0.200522516,0.090113678,0.375160981
21071,lowRisk,3,11.3662452,35545.56209,0.263939405,0.377312222,0.177556331,0.67483883
39171,mainRoad,0,11.32859214,35427.80998,0,0.278098639,0.1089441,0.591155827
54025,mainRoad,2,11.28901819,35304.05071,0.177163325,0.234053787,0.109866916,0.425734186
21235,mainRoad,0,11.15108118,34872.68147,0,0.263301182,0.089962289,0.616453938
54045,lowRisk,1,11.1416482,34843.18181,0.089753327,0.242063869,0.102292329,0.465893426
18151,mainRoad,1,10.92245518,34157.70133,0.091554507,0.212476485,0.097789848,0.392018452
18001,nextAirport,1,10.89718229,34078.66562,0.091766842,0.198863099,0.088625599,0.37437764
26165,nextAirport,1,10.89058909,34058.04676,0.091822397,0.222572535,0.104494693,0.405562654
26041,lowRisk,0,10.78523585,33728.57649,0,0.460923798,0.146700235,1.073874453
47025,lowRisk,2,10.77178803,33686.52123,0.185670196,0.299803775,0.121182307,0.58418693
39137,lowRisk,0,10.71483076,33508.39924,0,0.321589681,0.131089496,0.662706608
18051,nextAirport,4,10.70531521,33478.64135,0.373646167,0.345859391,0.170219153,0.60688294
39079,lowRisk,0,10.4475403,32672.50405,0,0.301409,0.115517461,0.650322278
18027,mainRoad,0,10.36560349,32416.26376,0,0.300108113,0.109310552,0.671382753
26047,mainRoad,4,10.33256286,32312.9361,0.387125639,0.425390461,0.179441693,0.800117875
18077,lowRisk,0,10.26842661,32112.36332,0,0.809136876,0.344670592,1.616583005
18055,mainRoad,1,10.25663902,32075.50011,0.097497825,0.284497865,0.140929975,0.500438242
18023,mainRoad,1,10.1978102,31891.52523,0.098060268,0.297826181,0.147240665,0.52385335
21157,mainRoad,0,10.13754586,31703.06109,0,0.332220369,0.120086209,0.740410048
39065,lowRisk,0,9.905805151,30978.34033,0,0.29383541,0.122428729,0.602560067
21121,lowRisk,0,9.831560371,30746.15526,0,0.386261324,0.119189068,0.936769929
54051,lowRisk,4,9.757621175,30514.92584,0.40993598,0.468912004,0.23819934,0.803028695
21177,mainRoad,3,9.699111844,30331.9501,0.309306671,0.368059865,0.181147223,0.646381031
21173,mainRoad,3,9.673270476,30251.13661,0.310132959,0.385713861,0.186463105,0.682906954
18137,mainRoad,19,9.593423535,30001.43195,1.980523421,1.479441927,0.92048717,2.18611463
18169,lowRisk,1,9.59196664,29996.87581,0.104253907,0.25210092,0.117505617,0.461351835
39073,lowRisk,0,9.486099828,29665.79943,0,0.325833778,0.1277553,0.694422058
54083,lowRisk,0,9.451328254,29557.05859,0,0.396316707,0.155083484,0.834372371
39053,lowRisk,1,9.443802649,29533.52383,0.105889549,0.25000761,0.114340352,0.462837356
54035,nextAirport,8,9.437284204,29513.13875,0.847701503,0.445951717,0.22534297,0.767759972
26035,lowRisk,1,9.402812567,29405.33589,0.106351157,0.271814636,0.13088208,0.487605891
24023,mainRoad,3,9.386867607,29355.47135,0.319595431,0.283104924,0.132131219,0.516500315
26063,lowRisk,3,9.311758926,29120.58461,0.322173289,0.399688495,0.162606324,0.770846157
39131,lowRisk,1,9.243842578,28908.19039,0.10818012,0.267535401,0.117396685,0.505853369
39001,lowRisk,0,9.238903708,28892.74511,0,0.372307658,0.141144585,0.803255738
39047,mainRoad,1,9.208146909,28796.55963,0.108599484,0.196153838,0.088885958,0.367577586
18175,lowRisk,5,9.18005159,28708.69738,0.544659248,0.596919784,0.322450296,0.982053269
18079,lowRisk,13,9.158876627,28642.4771,1.419388046,1.298237813,0.776890782,1.971357672
54053,lowRisk,3,9.099345518,28456.30596,0.329694042,0.328973058,0.15115615,0.603021602
21021,lowRisk,3,9.063207119,28343.29066,0.331008655,0.382833142,0.18176108,0.686393708
21163,lowRisk,0,9.062257916,28340.32222,0,0.522998898,0.193083929,1.126283421
54057,lowRisk,0,9.037345138,28262.4127,0,0.35502823,0.126437086,0.804458671
42047,lowRisk,0,9.032469792,28247.16607,0,0.290974722,0.114005077,0.627063966
54029,lowRisk,3,8.94677353,27979.16888,0.335316412,0.444227399,0.215766209,0.783271948
26105,lowRisk,0,8.9376477,27950.62975,0,0.296667845,0.09976527,0.711325574
21043,mainRoad,0,8.9012543,27836.81698,0,0.319769331,0.118330995,0.713147335
54027,lowRisk,0,8.814615603,27565.87252,0,0.353770845,0.134438124,0.7696282
17075,mainRoad,2,8.71989175,27269.64342,0.229360645,0.313359674,0.125536253,0.617742111
42131,nextAirport,0,8.689482673,27174.54537,0,0.499872508,0.187447898,1.070575183
21193,lowRisk,0,8.64721028,27042.34727,0,0.421571687,0.155424825,0.925410417
51105,lowRisk,2,8.627338919,26980.20373,0.231821193,0.330242785,0.135956838,0.641518631
39161,nextAirport,1,8.606281867,26914.3522,0.116194196,0.208537622,0.096782845,0.385545343
26007,lowRisk,0,8.602873759,26903.69405,0,0.536866057,0.15945052,1.303897173
39019,lowRisk,4,8.579095448,26829.33234,0.466249621,0.450808737,0.218003871,0.797557911
21085,mainRoad,3,8.555106541,26754.31203,0.350667754,0.359085542,0.170214833,0.646885685
21013,lowRisk,0,8.525374583,26661.33153,0,0.362555625,0.132585108,0.808916591
18179,nextAirport,1,8.492848726,26559.6137,0.117746122,0.228192158,0.103556208,0.426788861
39069,nextAirport,0,8.426887893,26353.33495,0,0.294326142,0.123908862,0.603825121
18021,mainRoad,1,8.403453326,26280.04822,0.118998697,0.305419675,0.143167558,0.55624921
21081,nextAirport,3,8.379509593,26205.16919,0.358016178,0.382499785,0.18877048,0.672658889
18031,mainRoad,40,8.372257023,26182.48829,4.777684188,3.635540529,2.559533609,4.902034924
55029,lowRisk,0,8.363070417,26153.75909,0,0.489929566,0.10130929,1.461225496
21239,nextAirport,3,8.360746331,26146.491,0.358819641,0.339632947,0.162403151,0.609988127
21141,lowRisk,3,8.345947077,26100.20942,0.35945591,0.496245264,0.238108468,0.879616095
42067,nextAirport,1,8.19118069,25616.20981,0.122082522,0.213504084,0.100158739,0.392458421
21137,lowRisk,0,8.160776089,25521.12576,0,0.372093834,0.135299939,0.836345442
21217,lowRisk,3,8.101574471,25335.98504,0.370298392,0.420669487,0.191508385,0.7723778
26127,lowRisk,2,8.097761211,25324.05987,0.246981844,0.286563605,0.118776272,0.559784876
21095,lowRisk,0,8.054940225,25190.14616,0,0.386267575,0.134251797,0.891533179
54067,nextAirport,0,8.044929532,25158.8398,0,0.269983047,0.105844705,0.586149463
26031,mainRoad,1,8.032200975,25119.0339,0.124498877,0.354315914,0.156625846,0.664238076
26051,lowRisk,3,7.919649338,24767.05212,0.378804651,0.361774453,0.175362007,0.644518655
26029,lowRisk,4,7.916253709,24756.433,0.505289515,0.591816107,0.279372744,1.052215604
26043,lowRisk,1,7.848169251,24543.51305,0.127418251,0.304447726,0.134455751,0.574590097
54059,nextAirport,0,7.843254064,24528.14183,0,0.250062047,0.104579663,0.518239978
18143,mainRoad,1,7.826345374,24475.26342,0.127773559,0.412486969,0.194845713,0.743128154
54097,lowRisk,1,7.777228526,24321.66072,0.128580509,0.330604747,0.146166491,0.622298635
26137,mainRoad,17,7.738520383,24200.60908,2.196802381,1.156514991,0.653190378,1.828461264
21183,mainRoad,0,7.701894049,24086.06785,0,0.370553292,0.151951718,0.769256723
26101,nextAirport,1,7.689921211,24048.6253,0.130040344,0.220781888,0.092463544,0.433273988
21215,nextAirport,3,7.66748321,23978.45513,0.391262676,0.341604965,0.156759804,0.629412453
18129,nextAirport,3,7.610504424,23800.26585,0.394192005,0.371558144,0.172234564,0.679379107
21205,mainRoad,0,7.602880922,23776.42494,0,0.355828579,0.138520197,0.770308158
18047,mainRoad,26,7.566196211,23661.70116,3.436337001,2.125829308,1.360395859,3.080270983
18135,lowRisk,1,7.544107472,23592.62323,0.132553785,0.330095325,0.149721232,0.613256567
21005,lowRisk,3,7.521619298,23522.29615,0.398850285,0.421561533,0.207672907,0.742102487
18181,mainRoad,1,7.499335333,23452.6077,0.133345151,0.256516097,0.116235565,0.48014467
39105,lowRisk,0,7.492161648,23430.1735,0,0.316524164,0.126940971,0.673961535
54009,lowRisk,0,7.485500322,23409.34159,0,0.508114022,0.174996829,1.153887804
54005,nextAirport,0,7.397518296,23134.19615,0,0.227314824,0.08703017,0.500782977
26069,lowRisk,1,7.396693749,23131.61755,0.135195539,0.339838231,0.139904014,0.663997134
26009,nextAirport,0,7.384854356,23094.59231,0,0.420718732,0.155687335,0.929881678
21133,lowRisk,0,7.384427186,23093.25643,0,0.408504953,0.137102973,0.970096625
26133,lowRisk,2,7.318820629,22888.0856,0.273268072,0.2981734,0.140741442,0.5433412
21115,lowRisk,0,7.223320571,22589.42908,0,0.466138734,0.164524293,1.057016202
26143,mainRoad,1,7.212923673,22556.91495,0.138640036,0.268793134,0.124548965,0.496266485
18041,lowRisk,5,7.200254157,22517.29368,0.694419932,0.71540192,0.360650549,1.225579495
18149,nextAirport,1,7.146031661,22347.72413,0.139937807,0.262204488,0.123316849,0.480561941
39175,lowRisk,1,7.000168479,21891.56744,0.142853705,0.260092549,0.113675554,0.497562702
21003,lowRisk,3,6.959582448,21764.64309,0.431060343,0.600239064,0.289841509,1.06011614
26109,lowRisk,0,6.95209039,21741.21324,0,0.360449206,0.124019772,0.854709217
54109,lowRisk,0,6.81946897,21326.4674,0,0.286646143,0.112509184,0.621950359
21167,lowRisk,3,6.801755708,21271.07286,0.441062592,0.426257526,0.201384337,0.770500758
26129,mainRoad,1,6.787609374,21226.83315,0.147327276,0.273108923,0.122540179,0.514407764
21231,lowRisk,3,6.758207178,21134.88391,0.44390471,0.417994886,0.176267015,0.803555696
21155,lowRisk,0,6.725845435,21033.67931,0,0.407673949,0.159584091,0.876709716
51027,lowRisk,0,6.723496973,21026.33499,0,0.317041316,0.113972747,0.734674738
18119,lowRisk,9,6.689202114,20919.08496,1.345451946,0.96680634,0.510714841,1.602665123
26089,nextAirport,1,6.670117447,20859.40165,0.149922398,0.237004231,0.076682758,0.529141173
21027,lowRisk,3,6.650327677,20797.51327,0.451105591,0.473656394,0.223878624,0.854156333
55125,lowRisk,2,6.647932608,20790.02319,0.300845408,0.42683308,0.182486414,0.813990517
18153,lowRisk,1,6.640456106,20766.64199,0.150592065,0.350937484,0.158619506,0.654875472
54043,nextAirport,0,6.633807759,20745.85067,0,0.226231557,0.095847878,0.462188628
18147,mainRoad,0,6.583769368,20589.36603,0,0.336790561,0.127510171,0.75005536
18049,lowRisk,1,6.562948598,20524.25342,0.152370537,0.284810862,0.132271965,0.525741138
18075,lowRisk,0,6.448183183,20165.34851,0,0.337929711,0.1419685,0.697163197
55061,lowRisk,0,6.37411565,19933.71774,0,0.443946988,0.157463451,1.023371934
21017,nextAirport,3,6.360108096,19889.91204,0.471690096,0.446092011,0.216415766,0.794685307
18117,lowRisk,1,6.340842522,19829.66297,0.157707749,0.414199142,0.188055782,0.767793466
54065,lowRisk,1,6.307841839,19726.46021,0.158532827,0.301324374,0.130873356,0.577783153
21001,lowRisk,0,6.246513431,19534.66841,0,0.417140512,0.156143977,0.931802626
18015,lowRisk,1,6.235384967,19499.86645,0.160375022,0.358319198,0.160132453,0.673019724
21097,lowRisk,15,6.162090598,19270.6536,2.434238796,1.362046952,0.769412754,2.158183849
21147,lowRisk,3,6.09412077,19058.09213,0.49227774,0.408322882,0.172387008,0.787713567
18123,mainRoad,0,6.065591446,18968.87262,0,0.344688912,0.135263256,0.747889413
21051,lowRisk,0,5.999868655,18763.33829,0,0.371717461,0.143899994,0.814336341
21079,lowRisk,0,5.993657851,18743.9153,0,0.370510835,0.147583749,0.794254913
17033,lowRisk,0,5.986259513,18720.77854,0,0.376452414,0.124939365,0.924329489
21099,mainRoad,0,5.894074248,18432.48834,0,0.316662507,0.131939417,0.65772878
21207,lowRisk,0,5.882227357,18395.43966,0,0.377300818,0.142280497,0.843243934
26019,nextAirport,0,5.86699777,18347.8123,0,0.236016961,0.083222813,0.545726591
39125,nextAirport,0,5.826372444,18220.76506,0,0.236568526,0.087507388,0.530459812
21213,mainRoad,3,5.726455214,17908.29476,0.523884303,0.547031926,0.246651299,1.011531523
17101,lowRisk,0,5.696116197,17813.41581,0,0.387444804,0.114923509,1.03250835
42093,mainRoad,4,5.669914905,17731.47673,0.70547796,0.409592512,0.166269275,0.807961524
21161,lowRisk,3,5.666857535,17721.91544,0.529393933,0.492467861,0.225731367,0.90646219
51071,lowRisk,0,5.588620959,17477.24686,0,0.301515262,0.107255344,0.699657044
54047,lowRisk,0,5.562536265,17395.67242,0,0.278387533,0.103676751,0.623575301
17045,lowRisk,0,5.515139577,17247.44916,0,0.431704694,0.145466611,1.043778645
29143,mainRoad,0,5.513792647,17243.23692,0,0.313725695,0.069049803,1.006189368
54001,lowRisk,0,5.489972425,17168.74414,0,0.414283256,0.162133549,0.89867833
21203,mainRoad,0,5.461625823,17080.09606,0,0.252254726,0.101860589,0.532123587
26079,nextAirport,4,5.453894424,17055.91772,0.733420871,0.443414432,0.209633056,0.804889476
18121,lowRisk,0,5.451477987,17048.36081,0,0.488746689,0.193881632,1.043078343
42105,lowRisk,2,5.282817664,16520.91082,0.378585847,0.385621608,0.180889162,0.706338061
54091,lowRisk,0,5.231271062,16359.70957,0,0.492707769,0.185679057,1.093877487
18045,mainRoad,1,5.214400472,16306.95031,0.191776601,0.325971387,0.13988476,0.631102724
18139,mainRoad,2,5.183270013,16209.59629,0.385856804,0.6695901,0.331104605,1.173768649
21045,lowRisk,0,5.104607819,15963.59668,0,0.379368942,0.155609997,0.797157238
21221,mainRoad,0,5.056393944,15812.81784,0,0.32122431,0.123950417,0.702836522
18159,lowRisk,4,4.996798737,15626.44626,0.80051253,0.649429066,0.308679406,1.166280668
54103,lowRisk,1,4.967063085,15533.4542,0.201326213,0.429202539,0.206899705,0.773137989
54041,mainRoad,0,4.951782858,15485.66848,0,0.271908266,0.108844032,0.576680223
21103,mainRoad,0,4.89104639,15295.72784,0,0.3347684,0.135766021,0.707633166
17023,mainRoad,0,4.88946122,15290.77055,0,0.29013354,0.101133178,0.678179681
39067,lowRisk,0,4.867151189,15221.00058,0,0.39415107,0.153513661,0.859836355
51051,lowRisk,0,4.825576223,15090.98354,0,0.374460945,0.112632159,0.980622957
54031,lowRisk,0,4.816170983,15061.57062,0,0.330549358,0.135586238,0.692159363
18165,mainRoad,1,4.815585578,15059.73988,0.207659065,0.321370699,0.137868523,0.623963906
21127,nextAirport,3,4.80021083,15011.65856,0.624972549,0.399831696,0.179293423,0.753363976
17127,mainRoad,0,4.796973538,15001.53461,0,0.307555069,0.102197338,0.742937664
21119,lowRisk,0,4.776794348,14938.4284,0,0.419958097,0.160565434,0.929176714
26053,lowRisk,1,4.775805113,14935.33477,0.209388779,0.4292481,0.173627291,0.852243156
18013,lowRisk,3,4.76081994,14888.47177,0.630143555,0.825198126,0.403991905,1.449188034
55003,lowRisk,0,4.757793724,14879.00791,0,0.934446257,0.095965906,4.235076771
51005,mainRoad,1,4.756411209,14874.68438,0.210242545,0.259022664,0.094934429,0.55105356
39121,mainRoad,0,4.756178505,14873.95665,0,0.249782695,0.102742123,0.517946126
21191,lowRisk,0,4.751269775,14858.60562,0,0.465801768,0.191060554,0.977678223
29133,mainRoad,0,4.744157147,14836.36236,0,0.290447185,0.09476116,0.712002512
42057,mainRoad,0,4.74135417,14827.59663,0,0.210496409,0.083412168,0.445819464
26113,nextAirport,1,4.677955848,14629.3316,0.213768584,0.279529508,0.126886735,0.526825362
39115,lowRisk,0,4.672525912,14612.35061,0,0.308721152,0.120427279,0.667988103
21069,lowRisk,0,4.640045134,14510.77374,0,0.531713216,0.205130982,1.163206953
21123,mainRoad,3,4.608258315,14411.36709,0.651005173,0.365571967,0.161429499,0.69686702
54087,nextAirport,0,4.51644983,14124.2552,0,0.292796441,0.112443274,0.63830601
21225,lowRisk,3,4.515127513,14120.11993,0.664433062,0.544131998,0.246371376,1.012297937
54007,mainRoad,0,4.491610974,14046.57685,0,0.263053173,0.103444673,0.562920232
26039,mainRoad,1,4.476713755,13999.98891,0.223378142,0.347424946,0.160141237,0.646769004
47161,lowRisk,0,4.476209913,13998.41325,0,0.428976051,0.133814181,1.097396511
18111,mainRoad,1,4.408741536,13787.41997,0.226822097,0.353339961,0.143360122,0.706854746
26011,mainRoad,0,4.400671408,13762.18232,0,0.26013584,0.094512526,0.585355642
39111,lowRisk,0,4.396606482,13749.47012,0,0.399086888,0.163787862,0.837290194
21065,lowRisk,0,4.371573715,13671.18536,0,0.430152439,0.164306221,0.951959065
17193,mainRoad,0,4.370983479,13669.33951,0,0.318651766,0.111708803,0.74086933
39163,lowRisk,0,4.370423672,13667.58883,0,0.297821007,0.12112307,0.624219708
21135,lowRisk,0,4.351736281,13609.14791,0,0.428267537,0.17326232,0.908474677
21175,lowRisk,0,4.325845182,13528.1789,0,0.487297464,0.194848154,1.043640428
54063,lowRisk,0,4.269503439,13351.98185,0,0.326055791,0.116532019,0.747795503
18131,lowRisk,0,4.266074806,13341.25951,0,0.36621788,0.149871941,0.767889174
21109,lowRisk,0,4.203039457,13144.1296,0,0.379078378,0.157104738,0.788589365
54089,mainRoad,0,4.173608266,13052.08969,0,0.220527951,0.087201393,0.466594578
21153,lowRisk,0,4.132454218,12923.38898,0,0.45576532,0.17683168,0.997179682
21233,lowRisk,3,4.075198116,12744.33246,0.736160529,0.58614318,0.267962724,1.085412306
21033,mainRoad,0,4.061928824,12702.83552,0,0.374655863,0.150024352,0.797277156
21219,lowRisk,0,4.030705761,12605.1919,0,0.471419606,0.152394397,1.175472305
21159,nextAirport,3,3.98025673,12447.42307,0.753720226,0.394639233,0.170784254,0.762163189
18125,mainRoad,0,3.956497547,12373.12118,0,0.304575807,0.119128582,0.654009799
21061,mainRoad,0,3.935302665,12306.8386,0,0.362939312,0.142169133,0.782855025
21229,lowRisk,3,3.927131256,12281.28423,0.763916407,0.493323649,0.215093682,0.94316823
54023,lowRisk,0,3.886775082,12155.07871,0,0.364533787,0.155365177,0.740795615
21031,mainRoad,3,3.881968775,12140.04798,0.772803743,0.454792262,0.204490815,0.856781444
26141,lowRisk,0,3.793064226,11862.01754,0,0.535463683,0.157174822,1.432184591
18155,nextAirport,3,3.745351519,11712.806,0.800992907,0.606308685,0.27908853,1.119836335
21011,mainRoad,0,3.741987428,11702.28551,0,0.416562307,0.16600748,0.890520861
21197,lowRisk,3,3.739446431,11694.33907,0.802257782,0.58993807,0.265453038,1.104836068
21025,lowRisk,3,3.726931682,11655.2018,0.804951702,0.540928867,0.234272078,1.03834688
42053,lowRisk,0,3.725435423,11650.52256,0,0.274909812,0.104896826,0.596991102
26085,lowRisk,0,3.639648294,11382.2412,0,0.279543215,0.117190705,0.56997398
21041,mainRoad,3,3.616304627,11309.23875,0.829576131,0.50175011,0.22162826,0.954889033
18009,lowRisk,0,3.579910309,11195.42311,0,0.387677174,0.143251641,0.870033224
21087,lowRisk,0,3.474072021,10864.43593,0,0.430068009,0.162032449,0.954875632
21187,lowRisk,0,3.449015857,10786.078,0,0.48265549,0.196797817,1.016567987
17185,lowRisk,0,3.420778388,10697.7712,0,0.401834823,0.139743413,0.939450218
21053,lowRisk,0,3.394360423,10615.15453,0,0.418233414,0.128902935,1.059515293
26071,lowRisk,0,3.330933076,10416.79872,0,0.401211335,0.17860941,0.789525386
18025,mainRoad,1,3.314527825,10365.49472,0.301702098,0.382200499,0.166677663,0.738674877
54021,mainRoad,0,3.277698105,10250.31745,0,0.256788737,0.095683834,0.563740291
18101,lowRisk,0,3.273760249,10238.00263,0,0.456641776,0.178524797,0.987834035
54085,lowRisk,0,3.241542329,10137.2478,0,0.361615529,0.149891717,0.74534007
21131,lowRisk,0,3.210747629,10040.94379,0,0.389499332,0.130618195,0.928248663
21171,lowRisk,0,3.189107227,9973.267948,0,0.477612068,0.169029638,1.107969324
21169,lowRisk,0,3.168028518,9907.348681,0,0.436861699,0.170631996,0.944322074
26001,lowRisk,0,3.114806664,9740.90843,0,0.433253078,0.148328494,1.020246589
21223,mainRoad,0,2.999652237,9380.786966,0,0.398306592,0.156490622,0.852611216
21055,lowRisk,0,2.95238342,9232.963596,0,0.510625823,0.201426093,1.097296693
26097,mainRoad,0,2.945061373,9210.065421,0,0.441311635,0.114625914,1.226862075
21077,nextAirport,0,2.91828512,9126.328272,0,0.387383317,0.152991291,0.824388267
21139,mainRoad,0,2.889241316,9035.499832,0,0.338258234,0.133342795,0.718249179
26119,lowRisk,0,2.878529232,9002.000021,0,0.559926538,0.214511788,1.231733348
21149,lowRisk,0,2.865895299,8962.490031,0,0.530148043,0.220020188,1.099421983
26003,lowRisk,0,2.833854877,8862.290291,0,0.457900086,0.155437256,1.084650954
21063,lowRisk,0,2.829816714,8849.661777,0,0.477518687,0.166891065,1.111631417
54017,lowRisk,0,2.82839101,8845.203186,0,0.392185469,0.159092912,0.819515889
54095,lowRisk,0,2.80103956,8759.667229,0,0.379659504,0.154545414,0.790618963
21091,lowRisk,0,2.772092244,8669.140533,0,0.475103294,0.183955331,1.030098449
21023,lowRisk,3,2.733880777,8549.642138,1.097341195,0.630326306,0.281870508,1.191895922
55041,lowRisk,0,2.707302757,8466.52492,0,0.384039553,0.137762133,0.868153085
26013,lowRisk,0,2.692807,8421.192465,0,0.421784461,0.138113372,1.014127583
54101,lowRisk,0,2.685810875,8399.31354,0,0.359949759,0.150062382,0.736185824
18007,lowRisk,0,2.677927905,8374.661196,0,0.437243485,0.184369288,0.890219806
21143,mainRoad,3,2.647447482,8279.340029,1.133166954,0.485516922,0.193507057,0.987858363
18171,lowRisk,2,2.642946877,8265.265325,0.756731063,0.524367137,0.216921715,1.041993115
54015,nextAirport,0,2.636895555,8246.341076,0,0.282392232,0.107446575,0.610756316
54075,lowRisk,0,2.606140471,8150.160964,0,0.366514752,0.143685294,0.780186165
21007,lowRisk,0,2.605046475,8146.739718,0,0.408947778,0.137530273,0.963204255
26135,lowRisk,0,2.500392292,7819.455581,0,0.472724952,0.197944175,0.967338821
21129,lowRisk,0,2.456666249,7682.711498,0,0.454207249,0.180676068,0.961737597
26153,lowRisk,0,2.441951533,7636.694293,0,0.5339618,0.169370774,1.32321565
54073,lowRisk,1,2.38577004,7460.998385,0.419151881,0.380118462,0.145158033,0.798636286
54013,lowRisk,0,2.372689192,7420.090761,0,0.373693248,0.146853391,0.793470274
21181,lowRisk,3,2.355449319,7366.176652,1.273642348,0.764939009,0.339721825,1.451411889
21237,lowRisk,0,2.354208455,7362.296109,0,0.502017559,0.20061484,1.061400214
18161,lowRisk,0,2.297495603,7184.93849,0,0.564941798,0.224950434,1.200913618
54071,lowRisk,0,2.276938532,7120.650534,0,0.363055927,0.147541907,0.752769809
54093,lowRisk,2,2.208443899,6906.447849,0.905615036,0.514332869,0.197213572,1.071812675
17003,mainRoad,0,2.192192756,6855.625788,0,0.305504716,0.085915071,0.787828117
51021,mainRoad,0,2.117641976,6622.483766,0,0.214875882,0.066843184,0.520572873
18115,nextAirport,1,2.108230609,6593.051679,0.474331411,0.578488599,0.233218186,1.16989621
21057,lowRisk,0,2.049757886,6410.190431,0,0.428346803,0.155563993,0.95877098
21075,lowRisk,0,2.011273278,6289.837841,0,0.425617018,0.109750248,1.169663696
42113,nextAirport,0,1.972941748,6169.963975,0,0.378325609,0.152463506,0.788113368
26095,lowRisk,0,1.949945653,6098.048482,0,0.575550303,0.169354942,1.471906305
21165,lowRisk,3,1.893018048,5920.019266,1.584770944,0.710732109,0.304716711,1.3865339
54105,lowRisk,1,1.758411005,5499.063803,0.568695258,0.413984413,0.164469193,0.854557833
26131,lowRisk,0,1.732327279,5417.492388,0,0.4903996,0.156564797,1.182009047
55051,lowRisk,1,1.649740239,5159.218639,0.606156034,0.630251081,0.191845785,1.489953994
51045,lowRisk,0,1.642074709,5135.246293,0,0.355487092,0.105661079,0.886094019
17153,mainRoad,0,1.573072945,4919.457662,0,0.298349923,0.095257708,0.713166651
27031,lowRisk,0,1.509111803,4719.432526,0,0.457898105,0.134548901,1.151132613
17059,lowRisk,0,1.484279647,4641.775134,0,0.484231702,0.170960384,1.094978292
21039,lowRisk,0,1.479261103,4626.080684,0,0.413085219,0.140118233,0.955041851
21105,lowRisk,0,1.455700056,4552.398422,0,0.421593867,0.128263851,1.040439375
21189,lowRisk,0,1.440668835,4505.391413,0,0.43161269,0.161352251,0.941507037
17151,lowRisk,0,1.393514718,4357.926743,0,0.482416984,0.146216279,1.192248577
51017,lowRisk,0,1.388933004,4343.598388,0,0.36682226,0.133089223,0.812426662
42023,lowRisk,1,1.347095054,4212.758924,0.742338112,0.362796264,0.143967263,0.753364531
17069,lowRisk,0,1.189608435,3720.252357,0,0.499605626,0.183749142,1.099420734
55037,lowRisk,0,1.18529008,3706.7476,0,0.390132409,0.138410137,0.87621162
21201,lowRisk,0,0.72295704,2260.897411,0,0.642463187,0.248972198,1.366766023
51091,lowRisk,0,0.671165142,2098.92905,0,0.39722938,0.13135824,0.929519734
26083,lowRisk,0,0.631697292,1975.501576,0,0.745015581,0.123135464,2.437937684
