"","GEOID","transportType","X29.Mar","E","pop","SIR","RR","LL","UL"
"112","21007","lowRisk",0,2.60504647476393,8146.73971782052,0,0.406598280713235,0.140118822236064,0.942870671476579
"117","21017","nextAirport",3,6.36010809604738,19889.9120371342,0.47169009625236,0.443631248236908,0.217970696738602,0.784739798027047
"124","21031","mainRoad",3,3.88196877507107,12140.0479836263,0.772803743107151,0.451129013643003,0.20619330917909,0.842065025143279
"141","21065","lowRisk",0,4.37157371543381,13671.1853557746,0,0.426118400030988,0.167047391504371,0.925005218767654
"143","21069","lowRisk",0,4.64004513391195,14510.7737428546,0,0.522911599984757,0.207340417142867,1.12251504042308
"155","21093","nextAirport",3,37.4333666792302,117065.049722408,0.0801424041205607,0.207353677902563,0.119287775828074,0.3257619115588
"158","21099","mainRoad",0,5.89407424836153,18432.4883429427,0,0.31718561420407,0.135066310842255,0.648465568755895
"174","21131","lowRisk",0,3.21074762925926,10040.9437945075,0,0.385811728379149,0.133461265560619,0.9003906229487
"184","21151","nextAirport",3,30.0445097473674,93957.9401874219,0.0998518539735158,0.210709293650888,0.114254591800231,0.344581138702326
"186","21155","lowRisk",0,6.72584543481349,21033.6793107241,0,0.406309921826113,0.163172056446952,0.858556926237786
"198","21179","lowRisk",3,15.5559891094321,48648.112636562,0.192851767823686,0.321327175660752,0.169120280757774,0.537876611365642
"30","18027","mainRoad",0,10.3656034874181,32416.2637588954,0,0.30361700147947,0.113907235584112,0.665503832279086
"47","18061","nextAirport",14,13.883396132589,43417.4268241599,1.00839879999803,0.723296540450453,0.42170394830786,1.1199122460774
"319","29143","mainRoad",0,5.5137926467311,17243.2369196107,0,0.312647567573005,0.0715382487051498,0.978745166440495
"203","21189","lowRisk",0,1.44066883504186,4505.39141330495,0,0.426555695670323,0.163754551030228,0.915085211022889
"206","21195","lowRisk",0,19.2155859293576,60092.7386932997,0,0.391032214721907,0.160540946594593,0.798615300525046
"217","21217","lowRisk",3,8.10157447125471,25335.9850433504,0.370298392077285,0.419203808820445,0.193622558409603,0.763965606108502
"227","21237","lowRisk",0,2.35420845515406,7362.29610927403,0,0.493295805660857,0.20175944999736,1.02598911526021
"228","21239","nextAirport",3,8.360746331388,26146.4910005927,0.358819641344382,0.340053602755345,0.164922330552938,0.605801335196809
"68","18103","lowRisk",1,11.5596973057073,36150.5432162867,0.0865074554769071,0.270206945880163,0.127901173393655,0.486756984314157
"81","18129","nextAirport",3,7.61050442362348,23800.2658536834,0.394192005287824,0.369636472041282,0.173714507009934,0.670854387841203
"90","18147","mainRoad",0,6.58376936785864,20589.3660330819,0,0.336335763352365,0.130779948679086,0.734425649269025
"321","34007","mainRoad",163,162.682841959093,508756.670115132,1.00194954819505,1.00368043658421,0.857036002419841,1.16083407122649
"326","34041","mainRoad",56,35.4689072924113,110921.612564692,1.57884762387313,1.55025736573649,1.18534981675931,1.96203201923966
"330","36013","mainRoad",5,40.2949661357412,126014.105401334,0.124084978335918,0.154144085338862,0.0766496073586273,0.264028105199948
"354","39035","airport",440,361.065674181702,1129157.61660808,1.21861487109565,1.21096145130687,1.10063109942533,1.32605634033675
"356","39039","nextAirport",5,12.0105981227067,37560.6415121257,0.416299001008721,0.307211155488204,0.151557970826774,0.538263705582135
"358","39043","mainRoad",5,22.2310942047942,69523.1121146195,0.224910207025335,0.269139881971005,0.13334510109297,0.462577053228713
"399","39125","nextAirport",0,5.82637244388615,18220.7650647475,0,0.236747659599761,0.0900322036879804,0.520789227433893
"427","42005","nextAirport",3,19.9203802333728,62296.8359349563,0.15059953499151,0.242658251397294,0.125916609459944,0.409889609379734
"439","42029","nextAirport",137,178.767338343882,559057.579065703,0.766359231329285,0.767981780095712,0.647113491964404,0.89830329696446
"442","42035","mainRoad",0,12.5059102574765,39109.6269448766,0,0.24265429570608,0.0989099149309147,0.503874641288466
"454","42059","mainRoad",6,11.4375586488319,35768.5800318723,0.524587473972234,0.439751623787648,0.225716828705329,0.746549680034492
"458","42067","nextAirport",1,8.19118069027903,25616.2098111466,0.122082522387372,0.216065085003802,0.103080941334268,0.393098559982446
"470","42091","nextAirport",488,266.458910372178,833294.687570944,1.83142683920153,1.81382390189248,1.65640909834476,1.97766431708828
"480","42111","nextAirport",2,23.0800077669098,72177.9122882363,0.0866550834903718,0.185031025376239,0.0941401022203354,0.317204183931681
"250","26033","mainRoad",0,11.8950694317593,37199.3496180246,0,0.541559929191966,0.100442271200085,1.57156678298827
"260","26053","lowRisk",1,4.77580511344834,14935.3347739509,0.209388778697034,0.429033287833641,0.17684860911712,0.843853682602602
"265","26063","lowRisk",3,9.31175892584251,29120.5846109926,0.322173289052215,0.402052749927922,0.166193378478409,0.769673679815017
"282","26097","mainRoad",0,2.94506137295114,9210.0654214295,0,0.436049131373237,0.117123636986119,1.18647944992765
"291","26115","nextAirport",38,49.0369462707029,153352.82563831,0.774925905667644,0.805551944076464,0.587121395652556,1.05754974162078
"4","17031","airport",3445,1550.28405197018,4848190.15032495,2.22217341113838,2.22121230498172,2.14756796381418,2.29600466212585
"496","51015","mainRoad",0,26.0086932501761,81336.7655289226,0,0.275251769958181,0.09207060071614,0.630015650851237
"501","51051","lowRisk",0,4.82557622348688,15090.9835437057,0,0.369783502939594,0.115427642083493,0.943566732469227
"502","51069","mainRoad",8,32.7158341738291,102311.950380738,0.244529910424829,0.24431805397443,0.135518682117537,0.391537858737135
"509","51185","lowRisk",1,14.1231317561597,44167.1500038575,0.0708058253130618,0.218304257070715,0.0938711751809388,0.41411034682623
"233","24043","nextAirport",6,51.6138821011625,161411.65517692,0.116247795278024,0.170917800018455,0.0982990156129669,0.267688055023179
"254","26041","lowRisk",0,10.7852358532444,33728.5764929204,0,0.455652380557067,0.150631653855004,1.0419152183003
"283","26099","nextAirport",620,276.268837736075,863973.190107694,2.24419085800874,2.22917026264119,2.05688499531698,2.40765449037634
"285","26103","lowRisk",2,21.4474610741772,67072.46288005,0.0932511308953025,0.253305823094342,0.132065078748733,0.425374927403527
"301","26135","lowRisk",0,2.5003922922039,7819.45558145013,0,0.469176276001204,0.200366910611436,0.947009105878901
"307","26147","mainRoad",20,49.9660458999623,156258.391018745,0.400271817386596,0.437552792828558,0.286364828342417,0.621079371909496
"315","26163","airport",2704,499.230179365254,1561238.30034093,5.41633921939174,5.40685658896501,5.2047200120265,5.61252959700213
"9","17075","mainRoad",2,8.71989175027129,27269.6434191133,0.22936064543895,0.31408586616766,0.128216789575983,0.61355496479476
"15","17185","lowRisk",0,3.42077838786346,10697.7712022565,0,0.401951528374731,0.143891779170898,0.921818630486839
"21","18009","lowRisk",0,3.57991030892188,11195.4231075943,0,0.38520824981841,0.146321039522646,0.847919369657971
"34","18035","mainRoad",14,36.4422333750481,113965.486957192,0.384169648877387,0.359555224009948,0.21929563234272,0.53857577829678
"50","18067","lowRisk",12,25.079988918167,78432.4363582209,0.478469110937591,0.456976096542597,0.271929856674761,0.696730995690576
"58","18083","lowRisk",2,11.7215585569656,36656.7305327803,0.170625773891774,0.334764125407098,0.167793796583714,0.581039043158964
"96","18159","lowRisk",4,4.99679873746065,15626.4462575912,0.800512530155014,0.642197428421385,0.309206980969042,1.1455900591303
"104","18175","lowRisk",5,9.18005158965084,28708.6973770121,0.544659248498861,0.594406467016116,0.32383226133485,0.973285584081244
"229","24001","mainRoad",0,23.5068489615951,73512.7691315332,0,0.224013201995606,0.0964367417722547,0.440703165169025
"320","34005","nextAirport",142,147.312208387859,460688.218279093,0.963939116479249,0.973666299634722,0.823054074244982,1.13579437540226
"322","34015","nextAirport",72,100.225714773356,313435.026668783,0.718378513566264,0.743735276969857,0.588351881705019,0.915970068661711
"323","34019","nextAirport",66,41.8335567351311,130825.726716708,1.57768081776739,1.56104640561851,1.21546063392385,1.94708148901437
"324","34021","airport",202,119.107496216296,372483.861426461,1.69594699256521,1.70227431685218,1.47766537887287,1.94134941696253
"223","21229","lowRisk",3,3.92713125581304,12281.2842261195,0.763916407316236,0.488679003264918,0.216722203569928,0.925940324268267
"224","21231","lowRisk",3,6.75820717774402,21134.8839145667,0.443904710391172,0.415848663514781,0.178154668413291,0.793322485555122
"511","54001","lowRisk",0,5.48997242492623,17168.7441422476,0,0.411027932391821,0.164992414874531,0.875725500691687
"513","54005","nextAirport",0,7.39751829609063,23134.1961457816,0,0.227659641780327,0.089375222763032,0.49262040250285
"521","54021","mainRoad",0,3.27769810458221,10250.3174474247,0,0.25797482023048,0.0987336659871727,0.556823657679026
"530","54039","airport",19,58.1181211617824,181752.306755565,0.326920410023408,0.352525259698362,0.233543735311144,0.497570974950608
"533","54045","lowRisk",1,11.1416482047751,34843.1818131194,0.0897533274808851,0.243266513570799,0.104752947065065,0.463658839660784
"534","54047","lowRisk",0,5.56253626505061,17395.6724232382,0,0.278975084004512,0.106603876425456,0.613902592763511
"542","54063","lowRisk",0,4.26950343896521,13351.9818469808,0,0.323752013897139,0.118816770657133,0.729097772033186
"544","54067","nextAirport",0,8.04492953169448,25158.8398049067,0,0.26883458438128,0.108065728545804,0.572946919377636
"554","54087","nextAirport",0,4.51644983007016,14124.2551987525,0,0.290341012491772,0.114364126630047,0.622033991024392
"564","54107","mainRoad",2,26.9597566888334,84311.0181439661,0.0741846457697591,0.181941902842252,0.0946011456962142,0.30677034552035
"566","55003","lowRisk",0,4.75779372358092,14879.0079073758,0,0.88552061088409,0.101222582843159,3.86802751104602
"405","39137","lowRisk",0,10.7148307578427,33508.3992359685,0,0.320326487739887,0.133815406927174,0.649727338195221
"424","39175","lowRisk",1,7.00016847860162,21891.5674359426,0.142853704601087,0.262037501027697,0.116747862912104,0.495858920777209
"317","27031","lowRisk",0,1.50911180302542,4719.43252584508,0,0.454889283622208,0.139031224343913,1.11863926814724
"332","36025","mainRoad",8,15.0015947813103,46914.3599622825,0.533276636025841,0.664416180207215,0.369797589548796,1.0556620184245
"335","36105","nextAirport",88,25.2259724579679,78888.9694425113,3.48846809163166,3.30601375821276,2.65176964885278,4.02698694286095
"474","42099","nextAirport",1,14.6765085369588,45897.7205110358,0.0681360963666374,0.204711218537851,0.0975970591848317,0.367858942940359
"476","42103","nextAirport",33,22.1523681213697,69276.9127024875,1.48968272011361,1.55486313872893,1.11412333553667,2.06868759022464
"488","42127","mainRoad",7,18.304210241034,57242.6012428366,0.382425677361788,0.585409171907059,0.350012055786293,0.89195523129737
"491","42133","nextAirport",43,153.751906626319,480827.031892693,0.279671328593719,0.294953056064025,0.22028237575487,0.380254450187702
"497","51017","lowRisk",0,1.38893300395304,4343.59838809454,0,0.363168109293098,0.135353952309918,0.791240500380676
"504","51091","lowRisk",0,0.671165142433026,2098.9290502279,0,0.391025381543535,0.13347511222683,0.898258990841603
"506","51107","airport",61,175.560884462414,549030.063072199,0.347457807510986,0.350771397114561,0.270261573803501,0.440982007761214
"507","51165","mainRoad",4,27.7443085308107,86764.5404567705,0.1441737138829,0.203840734362255,0.100179420388825,0.352522538075004
"517","54013","lowRisk",0,2.37268919208351,7420.09076093044,0,0.369844220709053,0.148904328296868,0.772787554317776
"519","54017","lowRisk",0,2.82839101007119,8845.20318638906,0,0.389793959318824,0.161830391781667,0.801766316357029
"520","54019","nextAirport",0,13.7975579780307,43148.9858923688,0,0.256961226333985,0.0958821474449405,0.559650010695913
"522","54023","lowRisk",0,3.88677508180904,12155.0787058716,0,0.362293447895617,0.15767799523792,0.725327411603943
"524","54027","lowRisk",0,8.81461560264881,27565.8725182348,0,0.34957213644298,0.136659743185651,0.746890116758543
"527","54033","mainRoad",7,21.7185489514467,67920.2336964887,0.322305141823654,0.318020192962617,0.173819212268805,0.516330895537975
"529","54037","nextAirport",5,21.0237405449873,65747.3652674556,0.237826374868965,0.249706755455831,0.124818684662417,0.429289366259456
"532","54043","nextAirport",0,6.6338077592656,20745.8506695903,0,0.227072965087678,0.098214617976957,0.45717730211525
"543","54065","lowRisk",1,6.30784183880387,19726.4602147147,0.158532827162583,0.299979739035178,0.132608064112284,0.569772632160434
"546","54071","lowRisk",0,2.27693853181452,7120.65053420985,0,0.359555915681585,0.149392512946447,0.734655089353009
"551","54081","nextAirport",4,24.4675441757824,76517.1431163961,0.163481875061214,0.206400292152224,0.104936263069962,0.352288848833442
"557","54093","lowRisk",2,2.20844389860073,6906.44784943398,0.905615035667061,0.504359048305214,0.197839758853212,1.03870689391467
"558","54095","lowRisk",0,2.80103955989159,8759.66722851776,0,0.377550959564077,0.157283176568575,0.773991999724984
"111","21005","lowRisk",3,7.52161929756126,23522.2961537838,0.398850284934348,0.419649151675286,0.209255063712976,0.733648912429509
"121","21025","lowRisk",3,3.72693168216258,11655.2017995875,0.804951701786825,0.5313595930089,0.233916304880109,1.01153192811634
"123","21029","nextAirport",3,27.6468311319024,86459.7002149671,0.108511531961369,0.208481792261233,0.106206335085932,0.353708464953153
"125","21033","mainRoad",0,4.0619288243228,12702.8355173853,0,0.371667446994612,0.152180634962225,0.778129661020821
"130","21043","mainRoad",0,8.90125429994792,27836.8169805408,0,0.316008693729825,0.120408461083917,0.691416474741473
"133","21049","nextAirport",3,11.7717331695406,36813.6411725907,0.254847774477467,0.333455807817549,0.166565621495183,0.579064660929413
"140","21063","lowRisk",0,2.82981671377244,8849.66177746654,0,0.469117706079195,0.169057061798075,1.06926473815427
"144","21071","lowRisk",3,11.3662452005472,35545.5620906634,0.26393940541205,0.375536247921574,0.178815382569733,0.667752194251362
"151","21085","mainRoad",3,8.55510654104192,26754.3120336877,0.350667754470143,0.357949584198179,0.172071496022045,0.639896281258924
"157","21097","lowRisk",15,6.16209059838488,19270.6535983086,2.4342387961533,1.32320831975944,0.74903241403236,2.0960616962254
"163","21109","lowRisk",0,4.20303945723928,13144.1296013581,0,0.37721423983269,0.159773375547673,0.772238395982249
"168","21119","lowRisk",0,4.77679434816718,14938.4283992863,0,0.414708937298968,0.162682972960121,0.900243766908466
"171","21125","mainRoad",3,20.3424649690908,63616.8179445176,0.147474753160855,0.224519974616976,0.112634274889823,0.387203867153324
"176","21135","lowRisk",0,4.35173628053141,13609.1479140688,0,0.422710824159435,0.175260545910342,0.880907916582012
"178","21139","mainRoad",0,2.88924131605035,9035.49983152161,0,0.335884516924876,0.135248568644389,0.703068851165261
"185","21153","lowRisk",0,4.1324542176012,12923.3889808655,0,0.448864439105981,0.178587451532921,0.963731846485239
"188","21159","nextAirport",3,3.98025672957243,12447.4230690524,0.753720225559989,0.388913854211211,0.171234487636,0.744060904230838
"192","21167","lowRisk",3,6.8017557075777,21271.0728620905,0.4410625916273,0.424265788316249,0.203175550273906,0.761061909426355
"199","21181","lowRisk",3,2.35544931892772,7366.17665201565,1.27364234751003,0.745747395523868,0.336193141689246,1.40329316312714
"200","21183","mainRoad",0,7.70189404851056,24086.0678514891,0,0.368407190952034,0.15468650354643,0.752604415745546
"205","21193","lowRisk",0,8.64721027954936,27042.3472729539,0,0.416059171316398,0.157924841333307,0.897397185349371
"207","21197","lowRisk",3,3.73944643133412,11694.3390683932,0.802257782024088,0.579592505829416,0.264620690000187,1.07735199669548
"211","21205","mainRoad",0,7.60288092163247,23776.4249406476,0,0.351881599078963,0.140677129130501,0.747810150050336
"565","54109","lowRisk",0,6.81946897047946,21326.4673987377,0,0.285858892346638,0.114904029546042,0.609339327687016
"568","55037","lowRisk",0,1.18529007965502,3706.74760032421,0,0.388721281392813,0.142049389689006,0.857569804734256
"570","55051","lowRisk",1,1.64974023874453,5159.21863861745,0.606156033849919,0.619068299086445,0.193932539158864,1.44577488532775
"573","55075","lowRisk",1,12.4193445018456,38838.91059243,0.080519547537424,0.267522910009132,0.118896381421762,0.497288053022891
"426","42003","airport",265,363.189440564599,1135799.25318175,0.729646763925852,0.726233910460033,0.641901020391156,0.815248680058717
"438","42027","mainRoad",22,54.2799998727142,169749.382642552,0.405305822615875,0.338172235235829,0.218654567024206,0.485404506842758
"441","42033","mainRoad",2,25.1309011080544,78591.6536172967,0.0795832983226775,0.16195940875349,0.0842092515571582,0.274574568483598
"445","42041","nextAirport",22,79.3051070183732,248010.187699678,0.277409625018261,0.280236837787934,0.186897586676359,0.393188886576083
"447","42045","airport",276,176.027695411118,550489.916987804,1.56793508746106,1.57093287025059,1.39252609359943,1.7589864536131
"450","42051","nextAirport",10,39.0815794099471,122219.491398143,0.255875022222228,0.291104291913841,0.175583231520243,0.440559189551625
"455","42061","mainRoad",1,14.2360489806636,44520.275081127,0.0702442090047787,0.177409195878108,0.0866420170579687,0.315819520659546
"460","42071","nextAirport",67,178.114116712371,557014.764604799,0.376163334140413,0.382413497589093,0.300607041726185,0.473533007222641
"469","42089","nextAirport",135,64.6530862767371,202189.047662999,2.08806737271836,2.00250417590906,1.68081059030494,2.35016087637027
"472","42095","nextAirport",126,103.662909363516,324184.136121072,1.21547813749037,1.20871202157486,1.01038150511913,1.42333500440736
"13","17153","mainRoad",0,1.57307294511267,4919.45766232046,0,0.298676853413625,0.0981115919831638,0.702378843025823
"52","18071","mainRoad",7,13.3891115789086,41871.6549370236,0.522812881104589,0.526125051981002,0.294069401605706,0.842881352439632
"110","21003","lowRisk",3,6.95958244809372,21764.643087402,0.43106034340059,0.600284605215942,0.293413672689489,1.05333410350319
"134","21051","lowRisk",0,5.99986865526656,18763.3382932241,0,0.370108013961941,0.146903227571827,0.795861354297708
"191","21165","lowRisk",3,1.89301804807844,5920.01926577115,1.58477094449535,0.691210813044202,0.301571968852944,1.33565538784939
"136","21055","lowRisk",0,2.9523834198252,9232.96359643807,0,0.504424239466037,0.20360843263808,1.06588374908361
"302","26137","mainRoad",17,7.73852038311139,24200.6090766462,2.19680238060766,1.12437781545404,0.635514976708352,1.77843372954239
"360","39047","mainRoad",1,9.20814690942156,28796.5596319386,0.108599483678613,0.197674216368163,0.0911668919406864,0.366569693930677
"367","39061","nextAirport",85,235.871875076067,737640.1118422,0.360365134557005,0.35920430607812,0.289555003773575,0.435918398061458
"384","39095","airport",94,132.850514960808,415462.287237005,0.707562180152114,0.701281791281994,0.56986886257652,0.845375600951526
"1","10003","nextAirport",141,179.915554561837,562648.385893172,0.783700999857343,0.78790233186531,0.664507038352997,0.920754568569461
"494","47165","mainRoad",93,61.2217549160742,191458.274238525,1.51906785631168,1.4622746714308,1.1785947575066,1.77373634133583
"394","39115","lowRisk",0,4.67252591223649,14612.350605074,0,0.30924750682944,0.123697212345332,0.657400314386632
"449","42049","mainRoad",7,86.4180363834701,270254.391298364,0.0810016090731142,0.12108496883877,0.0691599921433735,0.18940719268876
"475","42101","nextAirport",865,474.358611404901,1483457.65707412,1.82351490876943,1.81571444432957,1.69670741782565,1.93840666043064
"492","47025","lowRisk",2,10.7717880308032,33686.5212320023,0.185670196468847,0.300976876015112,0.123718573225523,0.581610837187077
"495","51005","mainRoad",1,4.75641120912775,14874.684381667,0.21024254548912,0.257519232005425,0.0966110066936234,0.541519982249457
"523","54025","mainRoad",2,11.2890181866316,35304.0507058763,0.177163325183441,0.233974086274347,0.111375915025173,0.422259225266142
"106","18179","nextAirport",1,8.49284872613611,26559.6136978418,0.117746121736818,0.229773667539654,0.106106683014983,0.425257810902216
"122","21027","lowRisk",3,6.65032767670648,20797.5132671118,0.451105591459476,0.47229201081937,0.226457887074243,0.845098002815845
"182","21147","lowRisk",3,6.09412076951041,19058.0921296863,0.492277740048958,0.406392777830706,0.174443987093245,0.777265358639222
"196","21175","lowRisk",0,4.32584518173346,13528.1789006717,0,0.478608220696278,0.196166927173529,1.0065824901009
"261","26055","airport",6,29.9799747952002,93756.1205795565,0.200133590537928,0.308096914146479,0.174804472167238,0.485485384124693
"446","42043","airport",35,89.9084750149825,281170.010389011,0.389284769808047,0.409000815474865,0.297525506640391,0.538233934365374
"473","42097","nextAirport",1,29.5992038328883,92565.3387827211,0.0337846925088194,0.180218566240522,0.0988918436981617,0.293976442747197
"420","39167","mainRoad",3,18.5228155376487,57926.2437304887,0.161962418397048,0.22119619802229,0.112006072483152,0.380705437524895
"20","18007","lowRisk",0,2.67792790523671,8374.66119641066,0,0.43520339524052,0.187329907645672,0.873510735368728
"42","18051","nextAirport",4,10.7053152104548,33478.6413454308,0.373646167475161,0.345514490152713,0.172095408825338,0.602275324030105
"78","18123","mainRoad",0,6.06559144647116,18968.8726200238,0,0.344210598459743,0.138512464348212,0.733068128730979
"148","21079","lowRisk",0,5.99365785085433,18743.9152973294,0,0.369563277143766,0.150860657264064,0.7783899603666
"170","21123","mainRoad",3,4.60825831496099,14411.3670938909,0.651005172661505,0.363455814011565,0.163302829765655,0.686080125664962
"213","21209","nextAirport",3,20.7802398919862,64985.8677431941,0.144367919503996,0.282845788638926,0.153525084890316,0.463064634532103
"237","26007","lowRisk",0,8.60287375884882,26903.694048284,0,0.529363720577447,0.163718546005405,1.26056795883216
"552","54083","lowRisk",0,9.4513282542843,29557.0585865708,0,0.391768867625676,0.157403754097465,0.812078642136588
"540","54059","nextAirport",0,7.84325406414759,24528.141827926,0,0.249894343860244,0.106762190816416,0.509896607877244
"329","36009","mainRoad",4,23.783641344057,74378.3795986157,0.168182825419183,0.199180146398977,0.0970041706088594,0.348291022149967
"333","36071","airport",1247,126.159131548838,394536.380717659,9.88434197898131,9.84327625132931,9.30324093217792,10.3970935511321
"505","51105","lowRisk",2,8.62733891860104,26980.2037346128,0.231821192939098,0.330335955513427,0.138345514679813,0.636180189725391
"510","51195","lowRisk",0,12.6122343338633,39442.1333260302,0,0.389981466849148,0.132086976486876,0.881213794219705
"514","54007","mainRoad",0,4.49161097351063,14046.5768535717,0,0.26186305064285,0.10551423136023,0.55100146674246
"560","54099","airport",0,13.5979398393536,42524.7217824915,0,0.44632605960303,0.183582306380528,0.903710928517046
"440","42031","mainRoad",1,11.9953396202574,37512.9237269954,0.0833657096553751,0.216640590706166,0.0994867194448647,0.399171318001394
"27","18021","mainRoad",1,8.40345332578842,26280.0482215026,0.118998697467767,0.308113521267844,0.146715507460756,0.556112469686847
"79","18125","mainRoad",0,3.95649754682385,12373.1211786117,0,0.305045355420656,0.122270173216324,0.644140465258202
"235","26003","lowRisk",0,2.83385487701387,8862.29029107835,0,0.454924245965631,0.158995859202958,1.05698153947511
"226","21235","mainRoad",0,11.1510811769537,34872.6814669063,0,0.262931563733117,0.092634117250861,0.603156880983994
"231","24023","mainRoad",3,9.386867607314,29355.4713527166,0.319595431138549,0.281638414108254,0.13339506083144,0.509592825582696
"240","26013","lowRisk",0,2.69280700049787,8421.19246466384,0,0.420349958260411,0.142346065469212,0.989563135533983
"269","26071","lowRisk",0,3.33093307577833,10416.7987207616,0,0.400484125118201,0.181693458538627,0.777330826213131
"490","42131","nextAirport",0,8.68948267272561,27174.5453691463,0,0.499727648253385,0.193053929109874,1.05168459700079
"526","54031","lowRisk",0,4.81617098337509,15061.5706161757,0,0.329993841949779,0.138269693669998,0.680318838211152
"539","54057","lowRisk",0,9.03734513839239,28262.4127038906,0,0.35238549405574,0.129601559249578,0.782422831055251
"553","54085","lowRisk",0,3.24154232871281,10137.2477965922,0,0.35941664382754,0.152255356857316,0.729786351948986
"436","42023","lowRisk",1,1.34709505435405,4212.75892361201,0.742338112494601,0.359818659988849,0.146310897675715,0.736411461535471
"452","42055","mainRoad",11,53.5300401169804,167404.039867292,0.205492093336031,0.213025798273291,0.128207257023822,0.322757156132952
"210","21203","mainRoad",0,5.46162582325965,17080.0960555822,0,0.253067648563311,0.104546499671979,0.525498952463259
"43","18053","mainRoad",7,20.8030519220157,65057.2076109797,0.336489089497102,0.307326383243881,0.172156725361969,0.492909291401516
"114","21011","mainRoad",0,3.74198742824827,11702.2855064641,0,0.409441044219387,0.167088016547561,0.860066916807437
"142","21067","airport",66,104.02230594752,325308.07400614,0.634479301326943,0.622929954945748,0.486226874477565,0.775660416373673
"159","21101","nextAirport",3,14.8879344902971,46558.9110994285,0.201505454094736,0.307843734728301,0.16044938332972,0.5195333567053
"175","21133","lowRisk",0,7.3844271862327,23093.2564290958,0,0.402944695345544,0.140014619937481,0.93585364628471
"153","21089","lowRisk",0,11.7132843801908,36630.8547700187,0,0.387597209623172,0.141011013396866,0.84267743748681
"278","26089","nextAirport",1,6.67011744694464,20859.4016475179,0.149922397612064,0.238264861047076,0.0792120256288298,0.525405033302608
"304","26141","lowRisk",0,3.79306422559562,11862.0175410514,0,0.530822232935407,0.161609598397514,1.38272113765063
"2","17003","mainRoad",0,2.19219275574386,6855.6257883865,0,0.305115757346729,0.0886670854712127,0.772954576056464
"202","21187","lowRisk",0,3.44901585684791,10786.0779992118,0,0.479487494739161,0.200137145602295,0.992797091407857
"398","39123","nextAirport",1,12.4257874609082,38859.0596035912,0.0804777969320677,0.234151456085533,0.100674530680015,0.444827117731461
"364","39055","nextAirport",17,29.7531665650951,93046.8251276612,0.571367755522988,0.550372069138442,0.350918961820423,0.798920151500569
"508","51171","mainRoad",4,15.5734476313791,48702.7105239846,0.256847429976928,0.261409967687334,0.117559138275765,0.478943329853566
"499","51027","lowRisk",0,6.72349697326194,21026.3349868577,0,0.315492744994872,0.116683628000604,0.715812733928985
"512","54003","mainRoad",10,43.9906912230764,137571.715081932,0.227320819972801,0.231135401762733,0.130923257282518,0.363500042282236
"531","54041","mainRoad",0,4.95178285758087,15485.6684787294,0,0.271330501756652,0.111199766703419,0.566167451321423
"433","42017","nextAirport",203,203.519131909598,636463.652885318,0.997449223054724,1.00692011123767,0.875876284510953,1.14634782163361
"14","17183","mainRoad",0,24.8023569735989,77564.2003356933,0,0.333363432059026,0.125188565776699,0.719404940190695
"7","17059","lowRisk",0,1.48427964651551,4641.77513367255,0,0.47906243190913,0.173991669539106,1.06453292223767
"66","18099","nextAirport",3,15.0806758987867,47161.6696693897,0.198930075822487,0.232716779620919,0.115436095499591,0.407056057838563
"67","18101","lowRisk",0,3.273760249105,10238.0026254321,0,0.457195736603059,0.18323441132191,0.971746353946498
"18","18003","airport",26,117.83651160638,368509.122049392,0.22064468512824,0.247255267954698,0.173807751668499,0.333977774072083
"32","18031","mainRoad",40,8.37225702347455,26182.4882902033,4.77768418812825,3.57626405334288,2.51578588216939,4.82602389790246
"35","18037","mainRoad",2,13.6221694943794,42600.4949768893,0.146819491625413,0.269509460048077,0.136242411697663,0.465837864233764
"37","18041","lowRisk",5,7.20025415717157,22517.2936793566,0.69441993169365,0.711453640656904,0.362239927314342,1.2126120994999
"44","18055","mainRoad",1,10.2566390221782,32075.5001121042,0.0974978253439232,0.287791111711679,0.144568975770495,0.501993875863366
"49","18065","mainRoad",2,15.5174876481506,48527.7073436603,0.1288868433698,0.311685266259547,0.164942929617189,0.520625021381455
"54","18075","lowRisk",0,6.44818318317583,20165.3485091552,0,0.338663025907136,0.145385072238057,0.687510294417908
"59","18085","lowRisk",3,24.9591581473688,78054.563314829,0.120196361683627,0.21000016366487,0.109591756539765,0.352751232681427
"62","18091","nextAirport",6,34.873245497442,109058.804491794,0.172051666382474,0.238261721684525,0.13300904857746,0.380111993972087
"71","18109","nextAirport",20,22.3220855196414,69807.66848082,0.895973630349269,0.847958617928241,0.556418185845821,1.20580542266078
"107","18181","mainRoad",1,7.49933533286134,23452.6077002187,0.133345150685301,0.258613932769392,0.119266756510189,0.478988397155118
"64","18095","mainRoad",18,40.7711495479479,127503.269742459,0.441488655570811,0.440482313121571,0.285082145182228,0.632287766576077
"65","18097","airport",676,292.506492137494,914753.068823013,2.31105981634843,2.29411133158013,2.12428403494234,2.46982087763232
"25","18017","lowRisk",0,11.5814857791282,36218.6821241826,0,0.353326185748266,0.139773899671279,0.734684535767286
"74","18115","nextAirport",1,2.10823060886888,6593.051679492,0.474331411275983,0.574011777804158,0.23646322901752,1.14748906961601
"76","18119","lowRisk",9,6.68920211405042,20919.0849648861,1.34545194577031,0.953846527837976,0.507236210887751,1.57628979026524
"77","18121","lowRisk",0,5.4514779866105,17048.3608122072,0,0.488452965567688,0.198623337245419,1.02463477175047
"83","18133","mainRoad",5,12.4507858365982,38937.2368115941,0.401581078143908,0.458129099945428,0.243628954672252,0.759627588995638
"95","18157","mainRoad",11,62.1328242619506,194307.453666855,0.177040077135787,0.224067147490676,0.138812860572634,0.33205200162915
"72","18111","mainRoad",1,4.4087415363667,13787.4199665395,0.226822096907072,0.35287527790375,0.14616980301287,0.698250436060791
"88","18143","mainRoad",1,7.82634537397888,24475.2634247543,0.127773558693795,0.414617371262893,0.198805589158992,0.740816499363018
"102","18171","lowRisk",2,2.64294687747647,8265.26532536373,0.756731062982859,0.518398341165691,0.218619299859518,1.01928683176612
"105","18177","mainRoad",1,20.776850535911,64975.2682387233,0.0481304901467903,0.212582938080755,0.10774056576904,0.364750225811597
"516","54011","nextAirport",1,30.1702639305038,94351.2101764083,0.033145218825512,0.149366143484035,0.07577630213543,0.256000701317977
"232","24025","mainRoad",23,85.0623251863594,266014.687184679,0.270389975228285,0.285516043134382,0.189145856313047,0.401414250624079
"241","26015","nextAirport",1,18.7219809342677,58549.0919839726,0.0534131512851643,0.18417521908807,0.0920470360790947,0.320907459916865
"313","26159","nextAirport",4,23.3668739272499,73075.0263953283,0.171182504448543,0.217786292663604,0.111422785247213,0.370224293187033
"316","26165","nextAirport",1,10.8905890860137,34058.0467630737,0.0918223974940215,0.224134114160855,0.106801988918151,0.404922838132042
"461","42073","mainRoad",8,27.6216541778521,86380.9645403747,0.289627838669222,0.352980915260113,0.203510347521972,0.550486220038819
"466","42083","lowRisk",1,12.7993009077289,40027.1450338636,0.0781292671536576,0.251427097761198,0.121427952588144,0.447524407379439
"416","39159","nextAirport",3,21.4489894605611,67077.242589809,0.139866729176971,0.22244638613617,0.117665943736288,0.371833080859093
"389","39105","lowRisk",0,7.49216164782639,23430.1734959297,0,0.315063224602306,0.129471146872975,0.659160817432319
"245","26023","nextAirport",0,14.0386431850438,43902.9296129048,0,0.275245601694564,0.112392044342193,0.562825508823447
"318","29133","mainRoad",0,4.74415714667032,14836.3623562085,0,0.290744404210568,0.097111117472102,0.701693723346527
"146","21075","lowRisk",0,2.01127327776052,6289.83784130282,0,0.423297700289176,0.112853877929958,1.1421358639629
"150","21083","lowRisk",0,11.6070984836232,36298.7805174403,0,0.407492651168112,0.137167224451507,0.9229348590575
"247","26027","nextAirport",2,17.5220541902691,54796.5712675452,0.114141868201201,0.216069411097559,0.108862910293058,0.373801461314346
"252","26037","airport",14,28.2067770697689,88210.8143912554,0.496334620767601,0.501097239426199,0.309880724141029,0.743254072366072
"259","26051","lowRisk",3,7.91964933813981,24767.0521195141,0.37880465054841,0.361250174175948,0.177410562844382,0.638862065932573
"535","54049","mainRoad",5,17.5301236994272,54821.8069750071,0.285223315347362,0.33457913985645,0.169672413176849,0.56877217394273
"547","54073","lowRisk",1,2.38577003971567,7460.99838464463,0.419151881092102,0.377211398582207,0.147582117065558,0.781900204680359
"485","42121","mainRoad",1,16.3544207840155,51145.0412320041,0.0611455467122005,0.201700725667626,0.0991802708628897,0.355158878323982
"386","39099","mainRoad",84,68.7716232899139,215068.913488656,1.22143401568245,1.10943837171536,0.883161744063913,1.35992461139699
"388","39103","nextAirport",45,60.6620654578885,189707.962148964,0.741814504012213,0.69403076319031,0.511868765507324,0.903153967061861
"131","21045","lowRisk",0,5.10460781857872,15963.59668143,0,0.378933874798874,0.158941326434394,0.783444649342019
"165","21113","nextAirport",3,19.1749534614406,59965.6691214442,0.156454095496647,0.249170454808627,0.125434950473123,0.428217971011704
"179","21141","lowRisk",3,8.34594707653805,26100.2094165795,0.35945590985516,0.496366046221513,0.241147974818036,0.874049301578977
"264","26061","lowRisk",0,11.4597370209936,35837.9382667893,0,0.520240795492079,0.163573941059039,1.21813617211694
"431","42013","mainRoad",3,39.0232499305114,122037.078112452,0.0768772463939341,0.141935567993594,0.0733681112265939,0.239236962603775
"483","42117","nextAirport",1,13.1397534649842,41091.8394249596,0.0761049286552352,0.252600777093769,0.121421245882867,0.450365048345847
"266","26065","nextAirport",43,85.3401705265946,266883.590557665,0.50386587857356,0.495061910111944,0.365224966368988,0.644078168664918
"209","21201","lowRisk",0,0.722957039938075,2260.89741146564,0,0.626046321522741,0.248688412132135,1.31115506328465
"430","42011","nextAirport",68,140.741792947023,440140.613868582,0.483154282577573,0.497406459435482,0.392241198139788,0.614356770909056
"434","42019","nextAirport",47,59.8539568064839,187180.770826088,0.78524466063217,0.696366705159827,0.514813627791424,0.904936203820099
"477","42105","lowRisk",2,5.28281766360688,16520.9108163838,0.378585847052401,0.384535213381161,0.183084966774761,0.698255878825526
"482","42115","mainRoad",1,13.7276137072185,42930.2497682422,0.0728458726569616,0.314591315268659,0.160367410704651,0.538519481183692
"242","26017","nextAirport",5,32.4676979660724,101535.956125455,0.153999215011327,0.22258168546262,0.120562731898513,0.362584868023981
"349","39025","mainRoad",8,67.9693018004286,212559.820308104,0.117700193882962,0.176659310155112,0.107059944011929,0.26621095805885
"363","39053","lowRisk",1,9.44380264927398,29533.5238259314,0.10588954864245,0.25161829912895,0.11701113069737,0.461455854402942
"370","39067","lowRisk",0,4.86715118948715,15221.0005818133,0,0.393681019275017,0.157263744428034,0.842780663078298
"129","21041","mainRoad",3,3.61630462687598,11309.2387490624,0.829576130756332,0.497469936907725,0.223564500773198,0.937419922611956
"404","39135","nextAirport",0,13.2273840126362,41365.8856924511,0,0.309755556448984,0.119639798095524,0.653787384962659
"396","39119","mainRoad",2,27.2175474504371,85117.2050035053,0.073482006548973,0.17601624850304,0.089867588560457,0.300148933252382
"400","39127","lowRisk",0,11.863395037946,37100.2945552394,0,0.331700206496025,0.133338761399547,0.684865150463068
"418","39163","lowRisk",0,4.37042367188,13667.5888343352,0,0.297545478602788,0.123914991409041,0.613415186738138
"341","39009","lowRisk",3,20.8230428080079,65119.7249389756,0.144071163261802,0.243993791042584,0.127370703186763,0.410225580923266
"212","21207","lowRisk",0,5.8822273571695,18395.4396607246,0,0.378001865194794,0.146187464018154,0.82944549125048
"422","39171","mainRoad",0,11.3285921352324,35427.8099792637,0,0.277215034184699,0.111519744988078,0.579166991717378
"119","21021","lowRisk",3,9.06320711899701,28343.290656209,0.331008655171504,0.382804648113931,0.184224126025039,0.68139854607173
"336","36107","nextAirport",4,15.6107098364086,48819.2403013334,0.256234344364717,0.341484089259102,0.171273686836878,0.585715609014337
"177","21137","lowRisk",0,8.16077608890796,25521.1257594824,0,0.37121804756536,0.139058708306491,0.817653612723124
"410","39147","lowRisk",1,17.6707948930201,55261.7268041149,0.0565905498905992,0.214398981142605,0.107213517792357,0.372423665535039
"413","39153","airport",99,168.503999398111,526961.126339443,0.587523146949768,0.597111190796051,0.489157904465661,0.715091685746317
"325","34037","nextAirport",93,47.8792359805125,149732.328079364,1.94238688432397,1.95229231906573,1.58538557205835,2.35450222439516
"402","39131","lowRisk",1,9.24384257841906,28908.1903944579,0.108180120065505,0.268995507813676,0.120205180640178,0.503664246864863
"109","21001","lowRisk",0,6.24651343076139,19534.6684050597,0,0.415530195628156,0.159808592257304,0.91062796638828
"147","21077","nextAirport",0,2.91828511972443,9126.32827210426,0,0.38843399341599,0.157254979199617,0.813053104872176
"299","26131","lowRisk",0,1.73232727905148,5417.4923884195,0,0.485400692787225,0.160237026493725,1.14677349289609
"194","21171","lowRisk",0,3.18910722678735,9973.26794763282,0,0.47726630727262,0.17377412775482,1.08528936962862
"271","26075","mainRoad",24,50.1184027560769,156734.85532102,0.478866018871481,0.487332834545803,0.333264497944293,0.672022744047811
"273","26079","nextAirport",4,5.45389442360698,17055.9177151053,0.733420871274323,0.437769719639125,0.20963500497286,0.789163333325929
"281","26095","lowRisk",0,1.94994565314786,6098.04848166123,0,0.567168404579941,0.171961216312636,1.42377423090108
"300","26133","lowRisk",2,7.31882062924362,22888.0856005712,0.273268071635565,0.2986455518177,0.143052049509819,0.539359303205509
"305","26143","mainRoad",1,7.21292367287929,22556.9149482366,0.138640036322582,0.269337860431067,0.126712348315898,0.492777650653496
"340","39007","mainRoad",6,30.7325983262248,96109.7937566618,0.195232434833864,0.257332360377309,0.142600510318085,0.412865790346606
"373","39073","lowRisk",0,9.48609982760613,29665.7994325312,0,0.324021483027691,0.130505716878731,0.678408412670656
"375","39077","lowRisk",3,18.6961814652062,58468.4095234722,0.160460573491065,0.272613224795138,0.144640497968802,0.454023994488858
"518","54015","nextAirport",0,2.63689555510195,8246.34107629123,0,0.280737260590061,0.109637208004515,0.59713629692038
"293","26119","lowRisk",0,2.87852923169366,9002.00002108264,0,0.551989829535988,0.216673993431247,1.19326989005192
"160","21103","mainRoad",0,4.89104639031034,15295.7278404236,0,0.334710426057919,0.138930314815013,0.695750642912422
"401","39129","nextAirport",4,18.4366338013593,57656.7283184677,0.216959345349968,0.253006158964142,0.130259979544235,0.429682487357327
"346","39019","lowRisk",4,8.5790954476491,26829.3323376005,0.466249620884694,0.448991413948724,0.219804975415451,0.788971008531414
"115","21013","lowRisk",0,8.52537458306304,26661.3315339916,0,0.360836179880417,0.135646881942539,0.790725240732991
"385","39097","nextAirport",4,14.5256275249616,45425.8716035367,0.275375366270832,0.261051841289797,0.134535867493618,0.445646953927073
"195","21173","mainRoad",3,9.6732704756161,30251.1366105527,0.310132959433136,0.383046726405639,0.187269574945467,0.674156784421623
"412","39151","nextAirport",29,116.763721242328,365154.193854297,0.248364814785358,0.273626148585858,0.195357295059503,0.365300576282402
"378","39083","lowRisk",3,21.1926642380944,66275.6388983671,0.141558416926524,0.260523993227339,0.139888803332045,0.429988769593905
"382","39091","lowRisk",3,14.263576675071,44606.3622060753,0.210325927945072,0.282602411065111,0.138493328679467,0.495540724243936
"208","21199","lowRisk",3,21.8967008874196,68477.3667329459,0.137006940699619,0.26754208931609,0.141383621425516,0.444892969459225
"308","26149","nextAirport",0,18.7387337325708,58601.482867837,0,0.248935230564773,0.106635365155298,0.491335463253252
"415","39157","mainRoad",5,28.7969131387469,90056.3419081867,0.173629721210375,0.230813276611997,0.124689838129797,0.377585614392871
"310","26153","lowRisk",0,2.44195153336324,7636.69429262134,0,0.526364552122711,0.171894516913303,1.27862372153773
"311","26155","nextAirport",5,21.9434614554849,68623.6006603539,0.227858308049673,0.33432378900967,0.186317182388124,0.535972041351296
"395","39117","mainRoad",0,11.886445696778,37172.3806848526,0,0.235050578168882,0.091514058902354,0.506639289200105
"408","39143","mainRoad",3,18.6182747480536,58224.7725085244,0.161132008233664,0.212311906195226,0.103864154549891,0.372753925707531
"419","39165","nextAirport",20,87.7260925063531,274345.064103115,0.227982341725201,0.235241586444719,0.155972275042452,0.331776579582333
"403","39133","nextAirport",27,52.935552250367,165544.903010573,0.510054185744568,0.516151942263477,0.358225565714325,0.703720416939605
"343","39013","mainRoad",8,21.9299470350022,68581.3371279462,0.36479796267776,0.336845079715202,0.187433630547367,0.540313376920116
"390","39107","lowRisk",2,12.6220533074456,39472.8401187288,0.158452824693763,0.271634557421966,0.133556852800985,0.477833201292818
"397","39121","mainRoad",0,4.75617850503105,14873.9566481216,0,0.250643578992622,0.105469694273386,0.511635832118014
"222","21227","mainRoad",15,43.458241771803,135906.590434659,0.34515892471592,0.363116518858083,0.227860124208466,0.532404601745599
"345","39017","nextAirport",27,126.951070793165,397013.005591099,0.212680364421579,0.242874980716142,0.171956454438799,0.326235312124731
"414","39155","mainRoad",36,61.4805967762851,192267.748189813,0.585550594620875,0.549260944985009,0.393484576510357,0.73104339673905
"46","18059","nextAirport",22,27.2570509081324,85240.7438312828,0.807130605366997,0.780438455820016,0.519841866534157,1.09693130719379
"215","21213","mainRoad",3,5.72645521421293,17908.2947609127,0.523884303251699,0.54627135919521,0.250014875962143,1.00223759448293
"164","21111","airport",126,246.301249474964,770255.805831007,0.511568659390042,0.514623699050649,0.430959172560334,0.605104443948022
"173","21129","lowRisk",0,2.45666624903113,7682.71149796847,0,0.448707670133777,0.182731238417498,0.935002679928199
"464","42079","airport",94,99.6402984796211,311604.259264887,0.943393400404409,0.941694631965649,0.766306011156563,1.13396853941378
"103","18173","nextAirport",8,21.0527556547584,65838.1039738393,0.379997760444809,0.360687568255177,0.202174367970685,0.575765522398625
"448","42047","lowRisk",0,9.03246979177041,28247.1660738023,0,0.291470335309852,0.117166073833776,0.616623428029622
"296","26125","nextAirport",1170,375.938861640752,1175670.40944192,3.11220817899389,3.09198101738836,2.91694182417366,3.27165085021375
"193","21169","lowRisk",0,3.16802851813259,9907.34868106246,0,0.435885938110553,0.174416638984065,0.926207458533456
"462","42075","nextAirport",19,46.0690133972325,144071.234367537,0.412424721062973,0.42056350185987,0.27229329912423,0.602484897227032
"486","42123","lowRisk",1,12.4585392511634,38961.4839991199,0.0802662318462913,0.229879895108628,0.114695221384467,0.40288056786841
"484","42119","mainRoad",0,15.0098417549517,46940.1506529156,0,0.227138780560631,0.0920446872071973,0.469755936739155
"234","26001","lowRisk",0,3.11480666444147,9740.90842998757,0,0.431240227489406,0.151982782072898,0.995895681625954
"181","21145","mainRoad",3,20.4037320023358,63808.4178172899,0.14703192531918,0.242116406377013,0.118074531939665,0.422952457687068
"253","26039","mainRoad",1,4.47671375467092,13999.9889076052,0.223378141824819,0.345378490010205,0.161545405995915,0.637345718426631
"256","26045","nextAirport",8,35.6036261394992,111342.917671124,0.224696214050082,0.269890435573259,0.157041322589391,0.418917969552956
"51","18069","nextAirport",1,11.3959808417305,35638.5541088134,0.087750235270503,0.202388652300574,0.0925752665827343,0.374829530047558
"53","18073","mainRoad",6,11.4651601843414,35854.898079472,0.523324567954536,0.380827537206054,0.200188089146685,0.640404704915032
"456","42063","nextAirport",2,27.259495493184,85248.3887613546,0.0733689293882963,0.160765288319004,0.0801113531931803,0.278614851827278
"31","18029","nextAirport",10,17.2967810392778,54092.0764555261,0.57814225533016,0.571342713030623,0.333197340058757,0.884996090162468
"82","18131","lowRisk",0,4.26607480620217,13341.2595128577,0,0.364095808758792,0.15246396280002,0.750710929996737
"86","18139","mainRoad",2,5.18327001304241,16209.5962941572,0.385856803710302,0.667161403023125,0.334002565761751,1.16124756835545
"493","47161","lowRisk",0,4.47620991262158,13998.413246643,0,0.426920229275269,0.137579665245452,1.06680801622979
"3","17023","mainRoad",0,4.88946122039084,15290.770551996,0,0.29135754837406,0.104513170510293,0.668024284002796
"243","26019","nextAirport",0,5.86699776975431,18347.8123013346,0,0.237305071888346,0.0859699617688574,0.53885880616891
"251","26035","lowRisk",1,9.40281256736882,29405.3358908874,0.106351157468603,0.273823958800175,0.133786384891412,0.487015425413945
"457","42065","mainRoad",0,13.7859728530101,43112.7558292757,0,0.213536678371464,0.0855256435973633,0.449650131806141
"69","18105","lowRisk",22,49.0339642049939,153343.499849542,0.448668598525415,0.498811385313571,0.339212872942057,0.690210326075186
"75","18117","lowRisk",1,6.34084252156018,19829.6629696485,0.157707748867724,0.416714417385897,0.192433578078473,0.76514573912905
"85","18137","mainRoad",19,9.59342353547862,30001.431952741,1.98052342104294,1.45440534388388,0.906090006189254,2.14846108217487
"238","26009","nextAirport",0,7.38485435624003,23094.5923142321,0,0.416171900764382,0.158439421475975,0.903574601630117
"239","26011","mainRoad",0,4.40067140760924,13762.1823214099,0,0.261241767961558,0.0975087135767476,0.577516881270701
"38","18043","nextAirport",14,24.3089585780307,76021.1997232959,0.575919365490735,0.547734332222319,0.329901686770874,0.82611816343915
"216","21215","nextAirport",3,7.66748321003995,23978.4551285654,0.391262676137555,0.340810029291012,0.158802131759442,0.622587427876079
"219","21221","mainRoad",0,5.05639394391169,15812.8178406282,0,0.320885456250234,0.126726418927701,0.690689150070509
"292","26117","nextAirport",3,20.5003696445049,64110.631894974,0.146338824715005,0.209555266627292,0.109522905346827,0.353722395882762
"294","26121","nextAirport",13,53.8745874145841,168481.539705106,0.241301151876308,0.245080795242374,0.146824669969545,0.37082426099361
"465","42081","mainRoad",3,35.0163658429606,109506.38353292,0.0856742248311612,0.188589742020837,0.105824292752893,0.301876230821724
"284","26101","nextAirport",1,7.68992121138713,24048.6252996293,0.130040344043995,0.222384818938339,0.095010832547767,0.431656014986602
"459","42069","nextAirport",56,66.6718494035614,208502.308445673,0.839934702591416,0.820601496309202,0.626800727952381,1.03934437059346
"541","54061","mainRoad",30,35.1615733114386,109960.489615953,0.853204142325468,0.702965166328415,0.47834844592922,0.972062139848668
"428","42007","nextAirport",28,49.1926228778734,153839.671769869,0.569191036418476,0.534568998487103,0.368546012510019,0.73238622461683
"545","54069","mainRoad",7,12.86399037602,40229.4478586912,0.54415463595564,0.433696468437972,0.224173006547681,0.730870541586197
"435","42021","nextAirport",1,42.4080730621281,132622.406747189,0.0235804158923937,0.122522572891651,0.0641177355258365,0.205547427008435
"87","18141","airport",32,82.7374606132858,258744.15794864,0.386765556530285,0.39693530112071,0.282586476805226,0.530727032317098
"91","18149","nextAirport",1,7.14603166132003,22347.7241285511,0.139937807078688,0.263048535226009,0.125686941278406,0.477586223075028
"443","42037","nextAirport",6,22.3291432112437,69829.7399398321,0.268707130552987,0.324268949112121,0.179084581336636,0.52264982015091
"8","17069","lowRisk",0,1.18960843528664,3720.25235721841,0,0.493316674470405,0.186213507489312,1.06821929838817
"12","17151","lowRisk",0,1.39351471794039,4357.92674333812,0,0.476928753519928,0.149518797972885,1.15612562007786
"272","26077","airport",19,81.626834654895,255270.906820679,0.232766590549896,0.269514157653373,0.180425737389454,0.377372683867735
"478","42107","nextAirport",21,45.5493060001196,142445.957838031,0.461038857539231,0.464752849583628,0.312408361160323,0.649654861581123
"270","26073","lowRisk",4,24.3172805301332,76047.224893434,0.164492077765165,0.245665721782414,0.132926318181287,0.402744037773479
"19","18005","mainRoad",10,26.0349512876756,81418.882066605,0.38409904783397,0.526451061452931,0.324949731190091,0.782265834681712
"24","18015","lowRisk",1,6.23538496683708,19499.8664543349,0.160375021801942,0.359998961647875,0.163727519436465,0.669562184714797
"98","18163","airport",17,58.3832797708069,182581.535021774,0.291179256573736,0.342405794187,0.22157411367035,0.49033942622186
"99","18165","mainRoad",1,4.81558557765466,15059.7398818376,0.207659065314967,0.321395242646936,0.140439632470815,0.617419095450209
"101","18169","lowRisk",1,9.59196663965835,29996.8758148146,0.104253907208712,0.254092632053933,0.120354495933748,0.460720797224053
"538","54055","mainRoad",2,19.1535163058687,59898.6288868738,0.104419468888185,0.176078039737494,0.0841140270261609,0.314943336293886
"280","26093","nextAirport",59,64.9905981002932,203244.545522571,0.90782361948649,0.894584887361316,0.690083287113974,1.12458226973004
"528","54035","nextAirport",8,9.43728420396088,29513.13874726,0.847701502582952,0.438013877097162,0.223276146114948,0.750883290001334
"561","54101","lowRisk",0,2.68581087468697,8399.3135398283,0,0.357320201565785,0.152205477159583,0.720113365421245
"17","18001","nextAirport",1,10.8971822852567,34078.6656190753,0.0917668415396655,0.201156140507782,0.0913348664745623,0.374725302775459
"574","55089","mainRoad",34,28.2689637739022,88405.2903429866,1.20273244792187,1.07501899708699,0.743292695008526,1.4657672569483
"337","39001","lowRisk",0,9.23890370769082,28892.7451059716,0,0.369479914441364,0.144116934631457,0.78325565695388
"500","51045","lowRisk",0,1.64207470920468,5135.24629318508,0,0.350893303064849,0.107943267628452,0.857877265420396
"421","39169","nextAirport",4,36.673850534797,114689.821333924,0.109069539785704,0.213511867048426,0.118072396963903,0.343082053776705
"425","42001","lowRisk",8,34.9609578217129,109333.106498611,0.228826682632577,0.317183362111506,0.183899648025383,0.491373647927605
"255","26043","lowRisk",1,7.84816925077595,24543.5130493279,0.127418251065512,0.306670981095061,0.137961724564219,0.572854944761629
"262","26057","nextAirport",3,13.1858220980152,41235.9094698112,0.227517099631699,0.264869428161164,0.135457946125006,0.455147536667715
"267","26067","nextAirport",2,20.5333202284942,64213.6779764593,0.0974026595671842,0.201526428077716,0.103011848791653,0.344906686271969
"277","26087","nextAirport",4,27.3933796955021,85667.0836902857,0.146020682532166,0.343649479934934,0.199148935713068,0.534973530981349
"279","26091","nextAirport",15,30.9374813705075,96750.5227611288,0.484848776807649,0.518695404067402,0.32969055075654,0.754677847099743
"172","21127","nextAirport",3,4.80021083022791,15011.6585647762,0.624972549353121,0.394566729262504,0.179712879909727,0.736897461271289
"559","54097","lowRisk",1,7.77722852625487,24321.6607239796,0.128580508676598,0.330743143527291,0.148727152749466,0.616968254139291
"429","42009","mainRoad",0,15.4250489455348,48238.6245739825,0,0.191868250297693,0.0776895539077811,0.400860148216374
"56","18079","lowRisk",13,9.15887662705211,28642.4770963002,1.41938804608445,1.28571659860424,0.772005545272874,1.94918164431782
"451","42053","lowRisk",0,3.72543542336931,11650.5225621699,0,0.278874621739252,0.109147857812635,0.595802659668384
"236","26005","nextAirport",2,36.231304391643,113305.850538651,0.0552008831473734,0.146905695757282,0.0761468704150655,0.247608417333562
"63","18093","lowRisk",8,14.3382390892485,44839.8533398807,0.557948570267513,0.560332362766245,0.314216601364795,0.892736710718834
"246","26025","nextAirport",15,41.8323329966102,130821.899729624,0.358574311435499,0.335877378702493,0.209622986802171,0.495564836653417
"94","18155","nextAirport",3,3.74535151949658,11712.8060004562,0.800992906642641,0.600612826638202,0.280696512041996,1.1002447289464
"249","26031","mainRoad",1,8.03220097477045,25119.0338969323,0.124498876850947,0.354777891806685,0.159106847824428,0.659855413401243
"555","54089","mainRoad",0,4.17360826588327,13052.0896865675,0,0.220382178190599,0.0891626468283727,0.459257203633633
"372","39071","lowRisk",1,14.4386090192669,45153.7393696606,0.0692587491402804,0.238121131303222,0.11551455160004,0.42186876848883
"376","39079","lowRisk",0,10.4475402976992,32672.5040498595,0,0.301567309770085,0.11879694143628,0.638956709291313
"371","39069","nextAirport",0,8.42688789323591,26353.3349452689,0,0.294082778288159,0.126634473667963,0.59370950028125
"550","54079","nextAirport",3,18.4585509280528,57725.2695626505,0.162526300774818,0.221915988767979,0.108997411751256,0.388434696268482
"381","39089","nextAirport",15,59.0787735294373,184756.546746831,0.253898297203579,0.262857889938418,0.166853478686039,0.383029653509645
"61","18089","nextAirport",85,156.875957500522,490596.849661363,0.541829362218983,0.538893684650775,0.432792249245018,0.655733113401334
"70","18107","mainRoad",5,11.9734061494457,37444.3313699905,0.417592115192004,0.419561000778959,0.222837700151346,0.6986577756124
"97","18161","lowRisk",0,2.2974956033802,7184.93848954141,0,0.561245559986967,0.229049133339023,1.17282151320598
"16","17193","mainRoad",0,4.37098347872838,13669.3395135381,0,0.317718746737282,0.114633924367093,0.724557392319827
"40","18047","mainRoad",26,7.56619621135419,23661.7011577301,3.43633700127723,2.07584888015887,1.3281994497153,3.00987600304384
"128","21039","lowRisk",0,1.47926110260904,4626.08068393258,0,0.410837283103369,0.142869102583615,0.935964382515713
"536","54051","lowRisk",4,9.75762117504052,30514.9258365353,0.409935980116935,0.466111159281532,0.239189251896454,0.793847363340843
"295","26123","nextAirport",1,15.352199194894,48010.802167462,0.0651372475894261,0.186483606125063,0.0930396862081565,0.32679225119296
"572","55071","mainRoad",0,24.5529525772245,76784.2400849164,0,0.392671902754086,0.0934417423710377,1.09102531778225
"481","42113","nextAirport",0,1.97294174835663,6169.96397491901,0,0.38068446948172,0.157211343529026,0.780536586402211
"190","21163","lowRisk",0,9.06225791631929,28340.3222227358,0,0.518348267371839,0.197269104098886,1.097928147999
"204","21191","lowRisk",0,4.75126977467903,14858.6056173779,0,0.460113186144356,0.193276498114087,0.949353693482047
"362","39051","nextAirport",2,13.4093344162527,41934.8976445124,0.149149833833357,0.297422674225107,0.146537730348719,0.520146814997346
"366","39059","mainRoad",0,12.2521386469196,38316.0091422742,0,0.267575057443439,0.107649391735152,0.557945432115943
"180","21143","mainRoad",3,2.64744748233161,8279.34002870694,1.1331669542158,0.476236122522708,0.193553331806188,0.959077820550076
"377","39081","lowRisk",5,20.2963688057825,63472.6618044639,0.246349484868224,0.355065692320717,0.197125439803997,0.570714494333837
"218","21219","lowRisk",0,4.03070576105494,12605.1918967818,0,0.472159984556828,0.157632576156739,1.15046291429181
"5","17033","lowRisk",0,5.98625951277836,18720.778537493,0,0.379726318952682,0.129900191782566,0.911473926725246
"352","39031","lowRisk",4,11.6699956206775,36495.4782000119,0.342759340278809,0.347581161789348,0.175098711860961,0.600185519092069
"353","39033","lowRisk",2,12.7242816330382,39792.5378932059,0.157179796681572,0.259645266080753,0.126973349824405,0.458597114696434
"145","21073","mainRoad",3,15.7353792217481,49209.1178113818,0.190653174462656,0.269132215899107,0.135549604024914,0.464030673131919
"355","39037","nextAirport",3,16.4545887664051,51458.2957126796,0.182319962084073,0.260295711650055,0.136944612891332,0.437707238492625
"286","26105","lowRisk",0,8.93764770037031,27950.6297526198,0,0.295955900815189,0.102773524637128,0.693608803172094
"365","39057","nextAirport",3,55.0132701187076,172042.532455732,0.0545322972716692,0.132676186734657,0.0735850574176195,0.213280944990649
"369","39065","lowRisk",0,9.90580515140559,30978.3403274063,0,0.294000838431558,0.125339981404934,0.5934227793167
"132","21047","mainRoad",3,23.3385624578409,72986.4881774737,0.128542621484046,0.247711050593321,0.127845629085398,0.417543069346402
"149","21081","nextAirport",3,8.37950959336678,26205.1691904366,0.358016178222983,0.381388523355155,0.190609740964679,0.665905178663127
"41","18049","lowRisk",1,6.56294859791163,20524.2534160418,0.152370536669784,0.286675736843235,0.135362333150848,0.524043334464429
"45","18057","nextAirport",83,130.05448949412,406718.300539583,0.638194039458767,0.635103628047225,0.509925421545563,0.773132776511149
"55","18077","lowRisk",0,10.2684266051902,32112.3633203544,0,0.79760328267223,0.347068581791969,1.57132920396162
"80","18127","nextAirport",14,57.2083479499495,178907.180716223,0.244719529608657,0.275631500105984,0.17112907170963,0.406722340466626
"348","39023","nextAirport",7,40.9594294841982,128092.075988174,0.170900817910575,0.2130047860852,0.120034503252253,0.337536519501434
"406","39139","mainRoad",5,37.1685815249298,116236.989357987,0.134522217283067,0.182249875760544,0.0973413572688071,0.299762872657424
"26","18019","nextAirport",20,39.0966267399495,122266.548785474,0.511553084439475,0.491519728689131,0.322694291472864,0.698463894876204
"357","39041","nextAirport",31,85.4410231450984,267198.986095046,0.362823370541279,0.342867487508964,0.240150791185066,0.464141091997622
"350","39027","mainRoad",3,13.4485039421781,42057.3921703016,0.22307313980042,0.225189134560669,0.109484596181699,0.399901879656693
"154","21091","lowRisk",0,2.77209224380017,8669.14053273294,0,0.472910318321095,0.187860224156562,1.00753754534575
"214","21211","nextAirport",3,16.42608689842,51369.1620629747,0.182636316156867,0.270916941642172,0.138174598167357,0.463184963781566
"116","21015","airport",3,50.8448557925237,159006.685732678,0.0590030191498964,0.231405683493683,0.139221349990787,0.350449852685726
"152","21087","lowRisk",0,3.47407202147703,10864.4359300733,0,0.428409779631244,0.165710544593754,0.933977676769302
"33","18033","nextAirport",1,13.5686144847113,42433.0128499568,0.0736994923930346,0.203468987715922,0.0974005708248901,0.365424369763538
"36","18039","nextAirport",12,65.6480580987226,205300.614592344,0.182792916463031,0.200141165910281,0.1233080209288,0.29801701073735
"331","36015","airport",15,27.0426568467943,84570.2711039484,0.554679227155083,0.566684893045196,0.348552407827158,0.841365730581016
"118","21019","nextAirport",4,15.330988936642,47944.4715069532,0.260909457082691,0.289448356752278,0.1406239854938,0.508128364773992
"113","21009","mainRoad",3,14.4688964768857,45248.4570786632,0.207341313471455,0.308846506295456,0.154392176331368,0.534209251297904
"432","42015","nextAirport",3,19.4551581213807,60841.9507749064,0.154200751352572,0.274294004495911,0.146038132877457,0.455248725671267
"39","18045","mainRoad",1,5.21440047166235,16306.9503130317,0.191776601247737,0.326657571384465,0.142898471869281,0.625716628340686
"126","21035","lowRisk",3,12.533644440854,39196.3598210271,0.239355760741175,0.354724429899375,0.161650709271229,0.644060069249541
"135","21053","lowRisk",0,3.39436042337785,10615.1545262686,0,0.415301965357629,0.132394184588679,1.02931629071988
"549","54077","mainRoad",1,11.9360746949726,37327.5850294447,0.0837796365685609,0.253189683047363,0.124264717380582,0.447324937811427
"339","39005","mainRoad",2,16.7218417110433,52294.0735768676,0.119604050472453,0.236627267525194,0.122194488025306,0.40307797285658
"187","21157","mainRoad",0,10.13754586357,31703.0610885579,0,0.329784610138298,0.122478928773319,0.722916430805883
"22","18011","nextAirport",13,21.2942390773605,66593.2930306047,0.610493756211336,0.620894183405354,0.378022040931251,0.930840326261593
"479","42109","lowRisk",2,12.8826555760966,40287.8193803811,0.155247494446017,0.255784744345459,0.11670783992762,0.469143815692297
"437","42025","nextAirport",9,22.4671541655373,70261.3404251709,0.400584779615979,0.541686366066214,0.325466264682102,0.820179024183454
"309","26151","lowRisk",2,12.7613241673876,39908.3806963023,0.156723547945842,0.353538677875696,0.170508704597609,0.622601751202339
"498","51021","mainRoad",0,2.11764197551874,6622.48376649243,0,0.214397594001652,0.0689364009041759,0.509780114873033
"28","18023","mainRoad",1,10.1978101994845,31891.5252344832,0.0980602678848203,0.301462664924175,0.151149553436165,0.525811300055107
"48","18063","nextAirport",48,63.8916765174325,199807.897388808,0.751271568009386,0.741560705969757,0.555924606573677,0.95299377240458
"89","18145","nextAirport",12,13.9062010999426,43488.7446048993,0.862924382709346,0.921912135234255,0.563971118299994,1.37960451996364
"314","26161","nextAirport",231,114.844817381846,359153.222107224,2.01140987696424,1.9695894907625,1.72412757474803,2.22990920600976
"10","17101","lowRisk",0,5.69611619663727,17813.4158088949,0,0.389656410724679,0.119632789296713,1.01251279081545
"268","26069","lowRisk",1,7.39669374920455,23131.617547307,0.135195539237722,0.341554645987087,0.143260372918191,0.661040755227262
"84","18135","lowRisk",1,7.54410747153611,23592.6232292801,0.132553785026658,0.333411776164608,0.153872607301455,0.613173863934426
"463","42077","airport",151,120.971510270891,378313.176749721,1.24822778240815,1.25183904384737,1.06371541510752,1.45400004013544
"93","18153","lowRisk",1,6.64045610580623,20766.6419872673,0.150592065374188,0.354053513879691,0.162768070857584,0.654332757951958
"167","21117","nextAirport",16,52.2246034416431,163321.558838606,0.306369008964879,0.31208252509082,0.196702722536725,0.456074270822372
"161","21105","lowRisk",0,1.45570005583913,4552.39842245536,0,0.419231936651877,0.131311183649668,1.01783413691304
"108","18183","nextAirport",1,11.5711056535565,36186.2204456329,0.0864221648250734,0.187821422942728,0.0851260241295203,0.350239486420677
"344","39015","lowRisk",0,14.6528035865612,45823.5882209659,0,0.389833505047786,0.158000844405429,0.795599043310568
"351","39029","lowRisk",11,31.861450561768,99640.0437663794,0.345244796016896,0.414759298797105,0.256521727971595,0.616223978694935
"468","42087","lowRisk",2,14.5783678896739,45590.806098217,0.137189568485004,0.251961864850391,0.121254209229259,0.447461018221659
"139","21061","mainRoad",0,3.93530266483139,12306.8386041489,0,0.361751274357969,0.145200474629579,0.766834989496974
"393","39113","airport",25,159.005772863835,497257.403160125,0.157226995911707,0.198930391886875,0.141233257944531,0.266625073640786
"100","18167","mainRoad",7,33.9897433985377,106295.835880812,0.205944479130759,0.254193343512794,0.141435276649669,0.405877639727937
"244","26021","nextAirport",29,46.8828484260523,146616.333741874,0.618563098736233,0.534228932078715,0.361343369016513,0.741224390441971
"407","39141","lowRisk",0,25.6899972713601,80340.1103008175,0,0.309474389554129,0.131409194730399,0.618991695848785
"368","39063","mainRoad",3,24.1446284670827,75507.2915628608,0.124251238907652,0.186706162024808,0.0969059354798502,0.315921127460258
"411","39149","mainRoad",3,15.656453882682,48962.295268774,0.191614271180423,0.244457691743165,0.122605652654466,0.423753991147361
"537","54053","lowRisk",3,9.09934551766935,28456.3059634806,0.329694041640085,0.327299623613266,0.152530134342094,0.595577688395195
"263","26059","lowRisk",10,14.7524942665853,46135.3500380069,0.677851475099382,0.57116985467957,0.326451345550137,0.899017267171457
"248","26029","lowRisk",4,7.91625370914159,24756.4329977844,0.505289515339921,0.587828815557008,0.280121757845501,1.04038120775818
"289","26111","nextAirport",8,26.2574290494055,82114.6348815258,0.304675678069904,0.289255302738547,0.161110637766463,0.463277697364063
"379","39085","nextAirport",35,72.0770963766139,225406.091401786,0.485591148360356,0.488753880552329,0.348394370929533,0.652140178805736
"328","36007","mainRoad",29,62.1089551388467,194232.807960874,0.466921395395712,0.47527876654964,0.330357295810898,0.646347236179084
"257","26047","mainRoad",4,10.3325628637414,32312.9360970603,0.387125638890294,0.424547724786284,0.181061806339727,0.794527642950669
"6","17045","lowRisk",0,5.51513957708518,17247.4491634685,0,0.430288912632052,0.149593022045307,1.01693141232413
"290","26113","nextAirport",1,4.67795584821312,14629.3315977413,0.213768584494439,0.280250914435577,0.129364884905545,0.522733467201332
"298","26129","mainRoad",1,6.78760937390009,21226.8331529148,0.147327276057639,0.273998674172041,0.12492958590994,0.511226871405799
"225","21233","lowRisk",3,4.0751981161283,12744.3324609625,0.736160528767174,0.579755119947635,0.268829306648126,1.06554375769544
"575","55125","lowRisk",2,6.64793260835896,20790.0231902082,0.300845408313142,0.426578336762803,0.185358865386774,0.806953394523623
"525","54029","lowRisk",3,8.94677352952661,27979.1688806415,0.335316412123236,0.4440812600249,0.218455597755892,0.777421851231858
"391","39109","nextAirport",43,33.118999449712,103572.765724226,1.29834840165662,1.02737174367007,0.734049031961507,1.36959738250943
"383","39093","nextAirport",74,99.3085328354736,310566.731383382,0.745152484757752,0.706312281263064,0.556255434605069,0.873178702401942
"515","54009","lowRisk",0,7.48550032192897,23409.3415880203,0,0.502078615629319,0.178899859900773,1.11848424450265
"503","51071","lowRisk",0,5.58862095871403,17477.2468642141,0,0.300232009580625,0.109753775043002,0.683599991172646
"569","55041","lowRisk",0,2.70730275663095,8466.52491971723,0,0.38475729788568,0.142040218894243,0.853999042979285
"359","39045","nextAirport",14,53.7811423987578,168189.309900671,0.26031429187944,0.26816039112683,0.165091575938669,0.398530486631584
"563","54105","lowRisk",1,1.75841100482298,5499.06380251516,0.568695257967105,0.407800285846299,0.165683124746514,0.830777884381914
"327","36003","mainRoad",6,14.9740397898373,46828.1874714527,0.400693472450376,0.340847477374009,0.168618452132409,0.589678191449224
"571","55061","lowRisk",0,6.37411564994124,19933.7177414708,0,0.441598069490299,0.162020824558017,0.99460532294468
"138","21059","lowRisk",16,31.7332843485757,99239.2306562828,0.504202458978002,0.495884342759867,0.310815866928194,0.727758624636652
"423","39173","nextAirport",12,39.7541510653371,124322.819024397,0.301855269913264,0.287891094420725,0.172984098009017,0.436538931270261
"11","17127","mainRoad",0,4.79697353779721,15001.5346076495,0,0.30716317162292,0.104941340047052,0.727949901665713
"380","39087","nextAirport",1,18.8656110533293,58998.2652355712,0.0530064993481101,0.186312265319748,0.0922579402365378,0.326068761451315
"169","21121","lowRisk",0,9.83156037071326,30746.1552552525,0,0.382537200853606,0.122758386576302,0.907701233055889
"197","21177","mainRoad",3,9.69911184435028,30331.9501035437,0.309306671388422,0.367165076387432,0.182897154573612,0.64051273876536
"562","54103","lowRisk",1,4.96706308514882,15533.4542046391,0.201326212866096,0.426872953538349,0.208637494302991,0.76276030032378
"409","39145","lowRisk",0,24.4760712442881,76543.8097453199,0,0.348723768794836,0.139236854609814,0.72604868863957
"489","42129","airport",47,112.956610499692,353248.248759789,0.416088972500891,0.419313358027808,0.315166694073306,0.537947032712212
"453","42057","mainRoad",0,4.7413541699232,14827.5966308308,0,0.210426610778812,0.0854926105849335,0.43833913516228
"556","54091","lowRisk",0,5.23127106233454,16359.7095679715,0,0.485672752075273,0.188271576785513,1.0576688382135
"127","21037","mainRoad",3,29.2835713252806,91578.2639221102,0.102446520838464,0.197397023923555,0.100497196659046,0.335027749184022
"334","36101","nextAirport",21,30.6218099279351,95763.3261395334,0.685785721008035,0.584605255698114,0.371242526998289,0.848641732321909
"120","21023","lowRisk",3,2.73388077718482,8549.64213768812,1.09734119535718,0.616618906826149,0.280082758355031,1.1562826304815
"548","54075","lowRisk",0,2.60614047117449,8150.16096350476,0,0.362789399880136,0.145666804133549,0.759984911919198
"166","21115","lowRisk",0,7.22332057119991,22589.4290800616,0,0.457732105952205,0.166798684354817,1.01853416800769
"417","39161","nextAirport",1,8.60628186726821,26914.3521968015,0.116194195754062,0.210001926681308,0.0991110355159572,0.38439050653393
"338","39003","mainRoad",4,32.4181183638906,101380.906256595,0.123387790589828,0.173291506828408,0.0893092031438579,0.292379988308929
"347","39021","lowRisk",2,12.7625157874643,39912.1072396487,0.156708914864925,0.301602359158738,0.151738132940147,0.521959200776261
"297","26127","lowRisk",2,8.09776121117582,25324.0598674888,0.246981844468293,0.287274603376583,0.121291682096466,0.555677782317945
"306","26145","airport",24,59.1906004872265,185106.262242263,0.405469784094845,0.434067238783468,0.297615126253038,0.597013297427331
"467","42085","mainRoad",7,34.6921290049761,108492.400422992,0.201774875188431,0.277396456854701,0.161531573036637,0.430363778767453
"567","55029","lowRisk",0,8.36307041660717,26153.7590925619,0,0.48400667271834,0.106563587512866,1.40087556113881
"156","21095","lowRisk",0,8.05494022499711,25190.1461610587,0,0.382680870155363,0.137249899061939,0.865737538771133
"487","42125","nextAirport",24,65.5489768644778,204990.758689913,0.366138437974705,0.371617542030347,0.25541382632294,0.510850143909871
"162","21107","mainRoad",11,14.6222851969201,45728.1483202111,0.752276395369236,0.57290909299054,0.315821551708349,0.920215675529004
"201","21185","nextAirport",3,24.4748286322596,76539.9237352759,0.12257491339677,0.250017632323049,0.131285069141235,0.416570895516321
"444","42039","mainRoad",3,27.2180363012776,85118.7337825875,0.110221030157829,0.19692741691551,0.104118223323799,0.328141215599615
"29","18025","mainRoad",1,3.31452782484483,10365.4947188348,0.301702098411805,0.381322445769527,0.169443955232131,0.728754570080312
"189","21161","lowRisk",3,5.66685753471288,17721.9154439306,0.529393933343694,0.487927277411625,0.226937866156389,0.891286760176631
"342","39011","mainRoad",2,14.2910446337971,44692.2625201344,0.13994778207257,0.202255096145504,0.0972714273465737,0.361807954469264
"287","26107","lowRisk",1,14.0745743425042,44015.2968164943,0.0710501060753271,0.225288724327267,0.109723901902917,0.399253434420856
"57","18081","nextAirport",71,51.3013035267184,160434.130855557,1.38398042776871,1.32812991256992,1.0426124832864,1.6461739699133
"361","39049","airport",247,392.689489442433,1228054.50551558,0.628995699250079,0.622253092408514,0.547397682837971,0.701446650984962
"258","26049","airport",127,128.706210742693,402501.839850169,0.986743369004124,0.98295401186323,0.822584379153518,1.1564176721216
"137","21057","lowRisk",0,2.04975788646632,6410.19043128751,0,0.426675035326654,0.159286687038714,0.938334124828497
"392","39111","lowRisk",0,4.39660648240388,13749.4701153355,0,0.396769525074529,0.166673607200742,0.818462569831578
"471","42093","mainRoad",4,5.66991490475531,17731.4767313004,0.705477959932914,0.404969385860001,0.167389454375069,0.792053167468038
"387","39101","lowRisk",6,20.6660526130564,64628.7708355039,0.290331207044799,0.307367357703001,0.16520358619769,0.504985613630115
"23","18013","lowRisk",3,4.76081993976071,14888.4717675354,0.630143554673229,0.823614318956139,0.408252438570552,1.43678732038164
"274","26081","airport",72,196.456311560085,614376.15478553,0.366493697393781,0.365255203780504,0.288846739784723,0.450107859285574
"276","26085","lowRisk",0,3.63964829386978,11382.2412006118,0,0.28053200235682,0.120064642751305,0.563982354661354
"183","21149","lowRisk",0,2.86589529898435,8962.49003061134,0,0.523400814001085,0.222078944872929,1.06800650087489
"60","18087","mainRoad",2,12.3838233823871,38727.8256972018,0.1615010112987,0.209023008100113,0.0990788195942282,0.378140443187085
"73","18113","nextAirport",2,14.9451124543854,46737.7232609522,0.133823014454009,0.194007830611802,0.0963735172122913,0.340698806729433
"92","18151","mainRoad",1,10.9224551796112,34157.7013269663,0.0915545070733446,0.213882347735126,0.100084472632681,0.390909156194164
"312","26157","nextAirport",4,16.47432140985,51520.0054409504,0.242802110052824,0.319029216215878,0.167568565062191,0.533861107176021
"230","24013","mainRoad",82,56.8276820538795,177716.727492154,1.44295873131433,1.35873935253809,1.07726344903826,1.67014488228043
"288","26109","lowRisk",0,6.95209039001672,21741.2132378022,0,0.36085310997779,0.128267996371869,0.836417000954017
"220","21223","mainRoad",0,2.99965223667897,9380.78696596622,0,0.39746534262556,0.160080200834876,0.836389361749284
"221","21225","lowRisk",3,4.51512751263548,14120.1199266685,0.664433062323173,0.538394542936734,0.247245047943644,0.993838873827185
"275","26083","lowRisk",0,0.631697291910017,1975.50157645819,0,0.723012041742618,0.125992544624819,2.31546820457844
"374","39075","lowRisk",0,14.2110673011705,44442.1500869989,0,0.364301010476287,0.150946671714575,0.733364508019464
"303","26139","nextAirport",25,90.8044586901759,283972.012527525,0.275316877173398,0.269310030827952,0.180191098492164,0.376292668644943
